,epochs,Decay,Modes,Loss,Modes_truncated,Loss_truncated,epochs_truncated
0,0.0,0.042160300386404184,1.0,-0.0006174463630776589,1.0,0.004204114443606979,685.0
1,1.0,0.04261091494865682,1.0,-0.0005922177245942485,1.0,0.004204262844898338,686.0
2,2.0,0.043059972338010157,1.0,-0.0005677651121736446,1.0,0.004204408654498379,687.0
3,3.0,0.04350871964720926,1.0,-0.0005440768113537561,1.0,0.004204551923434204,688.0
4,4.0,0.043958474738520464,1.0,-0.0005211426510610111,1.0,0.004204692705377875,689.0
5,5.0,0.04441067695767904,1.0,-0.0004989511631723454,1.0,0.004204831050900778,690.0
6,6.0,0.0448672772020236,1.0,-0.0004774897368536206,1.0,0.004204967009291631,691.0
7,7.0,0.045329375510656585,1.0,-0.000456744743987931,1.0,0.004205100620321352,692.0
8,8.0,0.04579823471966023,1.0,-0.0004367014939760143,1.0,0.004205231914306513,693.0
9,9.0,0.046275657926804895,1.0,-0.0004173448013635482,1.0,0.004205360908043183,694.0
10,10.0,0.04676438318865481,1.0,-0.00039865903377660244,1.0,0.0042054876137571804,695.0
11,11.0,0.04726831508193025,1.0,-0.00038062802314026666,1.0,0.00420561204769833,696.0
12,12.0,0.04779222294521148,1.0,-0.0003632348782598176,1.0,0.004205734245493229,697.0
13,13.0,0.048341617243543286,1.0,-0.00034646179527128465,1.0,0.004205854258985844,698.0
14,14.0,0.048922667542852794,1.0,-0.000330290057556812,1.0,0.004205972161912752,699.0
15,15.0,0.04954201942247353,1.0,-0.00031470012333163544,1.0,0.004206088025648715,700.0
16,16.0,0.05020672666889656,1.0,-0.00029967176745140906,1.0,0.004206201918995636,701.0
17,17.0,0.050924257958959614,1.0,-0.0002851842923152534,1.0,0.00420631388279842,702.0
18,18.0,0.051702665095563004,1.0,-0.00027121675467303886,1.0,0.004206423927127813,703.0
19,19.0,0.0525508494726775,1.0,-0.0002577481812489704,1.0,0.004206532034323334,704.0
20,20.0,0.05347881806714964,1.0,-0.00024475773373353055,1.0,0.004206638184222992,705.0
21,21.0,0.05449795763353435,1.0,-0.00023222481468208888,1.0,0.004206742385473346,706.0
22,22.0,0.05562135020867927,1.0,-0.00022012913733125014,1.0,0.0042068446810906235,707.0
23,23.0,0.05686415431661043,1.0,-0.0002084507724483732,1.0,0.004206945132241724,708.0
24,24.0,0.058244050254594455,1.0,-0.0001971701799263665,1.0,0.004207043796752857,709.0
25,25.0,0.059781755469961194,1.0,-0.00018626822948453783,1.0,0.004207140717842558,710.0
26,26.0,0.06150170649504515,1.0,-0.0001757262180864339,1.0,0.004207235924849439,711.0
27,27.0,0.06343298481787554,1.0,-0.0001655258929583891,1.0,0.004207329442883981,712.0
28,28.0,0.06561052412281884,1.0,-0.00015564947631125926,1.0,0.004207421299596075,713.0
29,29.0,0.06807670621809973,1.0,-0.00014607968563677914,1.0,0.004207511525955014,714.0
30,30.0,0.0708835548308535,1.0,-0.00013679975156750848,1.0,0.004207600150849864,715.0
31,31.0,0.07409580818587164,1.0,-0.0001277934352445508,1.0,0.004207687198218494,716.0
32,32.0,0.07779523310680833,1.0,-0.00011904504091494291,1.0,0.004207772689142664,717.0
33,33.0,0.08208674380528741,1.0,-0.00011053941790341193,1.0,0.004207856645387237,718.0
34,34.0,0.08710730827619775,1.0,-0.00010226195182180139,1.0,0.004207939091826946,719.0
35,35.0,0.09303929778541711,1.0,-9.419855036631441e-05,1.0,0.004208020055353595,720.0
36,36.0,0.10013108004974877,1.0,-8.633562723496229e-05,1.0,0.004208099562616819,721.0
37,37.0,0.10872989341613021,1.0,-7.866008464930373e-05,1.0,0.004208177638933213,722.0
38,38.0,0.11933656433064686,1.0,-7.11592964294057e-05,1.0,0.004208254308780122,723.0
39,39.0,0.13270116029231455,1.0,-6.382109466113468e-05,1.0,0.004208329596974459,724.0
40,40.0,0.1500003600835708,1.0,-5.66337603822244e-05,1.0,0.004208403528931349,725.0
41,41.0,0.17319146836784846,1.0,-4.958601655916762e-05,1.0,0.004208476129779329,726.0
42,42.0,0.2057891419406388,1.0,-4.266702205379374e-05,1.0,0.004208547423374845,727.0
43,43.0,0.25479990319159246,1.0,-3.586636568463381e-05,1.0,0.004208617431895895,728.0
44,44.0,0.3364932218017178,1.0,-2.9174059082492966e-05,1.0,0.00420868617681385,729.0
45,45.0,0.4992687514208109,1.0,-2.2580527284480138e-05,1.0,0.0042087536791807914,730.0
46,46.0,0.9803294834583953,1.0,-1.6076597116793033e-05,1.0,0.004208819960713694,731.0
47,47.0,39.385741852581965,1.0,-9.653484304268447e-06,1.0,0.004208885042303491,732.0
48,48.0,1.0215263469725675,1.0,-3.3027802401019644e-06,1.0,0.004208948944634321,733.0
49,49.0,0.5023291529083828,1.0,2.9835610991846283e-06,1.0,0.004209011686499098,734.0
50,50.0,0.33245980630673266,1.0,9.213235779109984e-06,1.0,0.00420907328607545,735.0
51,51.0,0.24824203993033359,1.0,1.5393601689887987e-05,1.0,0.004209133760193437,736.0
52,52.0,0.19801705176243337,1.0,2.1531689222097154e-05,1.0,0.004209193125425397,737.0
53,53.0,0.16471146034396184,1.0,2.7634210891731016e-05,1.0,0.004209251397752078,738.0
54,54.0,0.14104352653641133,1.0,3.370757021393087e-05,1.0,0.0042093085924864845,739.0
55,55.0,0.12338391911449575,1.0,3.975787020177226e-05,1.0,0.0042093647242441926,740.0
56,56.0,0.10972088257774731,1.0,4.5790921863694024e-05,1.0,0.004209419806091234,741.0
57,57.0,0.09884940907184979,1.0,5.181225297873196e-05,1.0,0.004209473851315122,742.0
58,58.0,0.09000369997025005,1.0,5.782711720991533e-05,1.0,0.00420952687273663,743.0
59,59.0,0.08267378357552212,1.0,6.384050341067712e-05,1.0,0.004209578888427059,744.0
60,60.0,0.07650693392778686,1.0,6.985714492441702e-05,1.0,0.004209629920953518,745.0
61,61.0,0.07125141339249115,1.0,7.588152870555083e-05,1.0,0.004209680007534337,746.0
62,62.0,0.06672275553093023,1.0,8.191790409511211e-05,1.0,0.004209729193915392,747.0
63,63.0,0.06278271223374668,1.0,8.797029110859385e-05,1.0,0.0042097775409993925,748.0
64,64.0,0.0593256428164867,1.0,9.404248819715518e-05,1.0,0.0042098251003126076,749.0
65,65.0,0.056269446755362204,1.0,0.00010013807955029194,1.0,0.004209871909057971,750.0
66,66.0,0.053549363927155015,1.0,0.00010626044203500197,1.0,0.004209917961649801,751.0
67,67.0,0.051113637418660596,1.0,0.00011241275185521732,1.0,0.004209963229357434,752.0
68,68.0,0.04892041684318157,1.0,0.00011859799102603256,1.0,0.004210007671233456,753.0
69,69.0,0.04693550650105108,1.0,0.00012481895375456947,1.0,0.004210051270274093,754.0
70,70.0,0.045130700826590486,1.0,0.0001310782527604292,1.0,0.004210094018547517,755.0
71,71.0,0.04348253571433991,1.0,0.00013737832549746588,1.0,0.004210135917137212,756.0
72,72.0,0.041971339214589516,1.0,0.00014372144021179044,1.0,0.004210176971428812,757.0
73,73.0,0.04058050106344241,1.0,0.00015010970177449235,1.0,0.004210217211618795,758.0
74,74.0,0.03929590458089684,1.0,0.0001565450572304752,1.0,0.004210256689990159,759.0
75,75.0,0.038105480581987775,1.0,0.00016302930102295125,1.0,0.0042102954581604,760.0
76,76.0,0.03699885385409635,1.0,0.00016956407990351336,1.0,0.004210333548981131,761.0
77,77.0,0.035967060517292974,1.0,0.00017615089758429538,2.0,0.004210370967992934,762.0
78,78.0,0.03500232025871875,1.0,0.00018279111919474657,2.0,0.00421048178638963,763.0
79,79.0,0.034097851406173586,1.0,0.0001894859755934715,2.0,0.004210601674655482,764.0
80,80.0,0.033247719600255944,1.0,0.0001962365675871798,2.0,0.004210778804925204,765.0
81,81.0,0.03244671303069254,1.0,0.00020304387010407397,2.0,0.004210970591530149,766.0
82,82.0,0.03169023893802025,1.0,0.00020990873633765876,2.0,0.004211181509325243,767.0
83,83.0,0.03097423726933283,1.0,0.00021683190185057283,2.0,0.004211413775065668,768.0
84,84.0,0.03029510824086419,1.0,0.00022381398862874599,2.0,0.004211666338014231,769.0
85,85.0,0.02964965129289733,1.0,0.00023085550907931492,2.0,0.004211942086377169,770.0
86,86.0,0.029035013445909204,1.0,0.00023795686996318978,2.0,0.004212243820793778,771.0
87,87.0,0.028448645430433794,1.0,0.0002451183762626024,2.0,0.004212571879956787,772.0
88,88.0,0.027888264288250274,1.0,0.00025234023499593996,2.0,0.004212927502731407,773.0
89,89.0,0.027351821362458985,1.0,0.0002596225589958635,2.0,0.004213313568347784,774.0
90,90.0,0.02683747474127669,1.0,0.0002669653706726627,2.0,0.004213731944263348,775.0
91,91.0,0.02634356542304932,1.0,0.00027436860578339045,2.0,0.004214183693781674,776.0
92,92.0,0.02586859663010503,1.0,0.00028183211721060606,2.0,0.004214670841181428,777.0
93,93.0,0.02541121576718808,1.0,0.0002893556787464268,2.0,0.004215195915088356,778.0
94,94.0,0.024970198624273698,1.0,0.00029693898887800575,2.0,0.00421576083289936,779.0
95,95.0,0.02454443552249357,1.0,0.00030458167456154806,2.0,0.004216367327151821,780.0
96,96.0,0.024132919135860537,1.0,0.00031228329496830657,2.0,0.004217017706743341,781.0
97,97.0,0.023734733770762993,1.0,0.00032004334519259873,2.0,0.004217714433828012,782.0
98,98.0,0.02334904593190442,1.0,0.00032786125991399325,2.0,0.004218459571191454,783.0
99,99.0,0.02297509600524272,1.0,0.0003357364170103412,2.0,0.004219255267114418,784.0
100,100.0,0.02261219089465409,1.0,0.00034366814112749396,2.0,0.00422010404110337,785.0
101,101.0,0.02225969746605713,1.0,0.000351655707212669,2.0,0.004221008280810701,786.0
102,102.0,0.021917036685153372,1.0,0.0003596983440126654,2.0,0.004221970213275816,787.0
103,103.0,0.021583678381113577,1.0,0.00036779523752947864,2.0,0.0042229922890141495,788.0
104,104.0,0.02125913655561711,1.0,0.00037594553442102033,2.0,0.004224077033698124,789.0
105,105.0,0.020942965146683114,1.0,0.00038414834534113997,2.0,0.004225226834155435,790.0
106,106.0,0.020634754213189506,1.0,0.00039240274821126213,2.0,0.00422644415198852,791.0
107,107.0,0.02033412650749341,1.0,0.00040070779140559355,2.0,0.00422773159451157,792.0
108,108.0,0.020040734394728726,1.0,0.0004090624968391303,2.0,0.004229091636295124,793.0
109,109.0,0.019754257090553395,1.0,0.00041746586295416424,2.0,0.004230526718470037,794.0
110,110.0,0.01947439816308724,1.0,0.00042591686760225537,2.0,0.0042320391950924005,795.0
111,111.0,0.019200883272551195,1.0,0.0004344144708234157,2.0,0.00423363123604467,796.0
112,112.0,0.01893345813642489,1.0,0.0004429576175161679,2.0,0.0042353050270983,797.0
113,113.0,0.01867188668986353,1.0,0.000451545239993168,2.0,0.004237063076606464,798.0
114,114.0,0.018415949418325937,1.0,0.0004601762604232746,2.0,0.004238907832941254,799.0
115,115.0,0.018165441837928054,1.0,0.00046884959315828895,2.0,0.00424084155426572,800.0
116,116.0,0.01792017312139248,1.0,0.00047756414694153244,2.0,0.004242866427165471,801.0
117,117.0,0.01767996486160517,1.0,0.00048631882699231465,2.0,0.004244984386276854,802.0
118,118.0,0.01744464995592344,1.0,0.0004951125369667702,2.0,0.004247197492947695,803.0
119,119.0,0.017214071600298315,1.0,0.0005039441807991967,2.0,0.004249507925452053,804.0
120,120.0,0.016988082377863055,1.0,0.0005128126644268252,2.0,0.004251917719494336,805.0
121,121.0,0.01676654343577135,1.0,0.0005217168974017967,2.0,0.004254428729621603,806.0
122,122.0,0.0165493237433288,1.0,0.000530655794392,2.0,0.004257042728655741,807.0
123,123.0,0.01633629942032071,1.0,0.0005396282765742348,2.0,0.004259761389927148,808.0
124,124.0,0.016127353121926348,1.0,0.0005486332729242684,2.0,0.004262586427978655,809.0
125,125.0,0.015922373481604055,1.0,0.000557669721406763,2.0,0.0042655194843562155,810.0
126,126.0,0.015721254607058487,1.0,0.0005667365700642977,2.0,0.0042685620179433986,811.0
127,127.0,0.01552389562516402,1.0,0.0005758327780086227,2.0,0.004271715446570789,812.0
128,128.0,0.015330200272607893,1.0,0.0005849573163177508,2.0,0.004274980990533457,813.0
129,129.0,0.015140076529272158,1.0,0.0005941091688431341,2.0,0.004278359979825163,814.0
130,130.0,0.014953436289502667,1.0,0.0006032873329321014,2.0,0.004281853407158996,815.0
131,131.0,0.01477019506556532,1.0,0.0006124908200716483,2.0,0.004285462382695285,816.0
132,132.0,0.014590271720712773,1.0,0.0006217186564592509,2.0,0.004289187906361718,817.0
133,133.0,0.014413588233340456,1.0,0.0006309698835050867,2.0,0.004293030390420006,818.0
134,134.0,0.01424006948528798,1.0,0.0006402435582703497,2.0,0.0042969906474364505,819.0
135,135.0,0.014069643074323538,1.0,0.0006495387538491176,2.0,0.004301069088320054,820.0
136,136.0,0.013902239147285184,1.0,0.0006588545596986206,2.0,0.004305266016490118,821.0
137,137.0,0.01373779025175931,1.0,0.0006681900819242846,2.0,0.004309581757537717,822.0
138,138.0,0.013576231204363465,1.0,0.0006775444435250621,2.0,0.004314016149195523,823.0
139,139.0,0.013417498971698126,1.0,0.0006869167846044125,2.0,0.004318569021834433,824.0
140,140.0,0.013261532563218648,1.0,0.000696306262552113,2.0,0.004323240416421047,825.0
141,141.0,0.013108272935148515,1.0,0.0007057120522003596,2.0,0.004328029722335634,826.0
142,142.0,0.012957662904522204,1.0,0.0007151333459578469,2.0,0.004332935931317409,827.0
143,143.0,0.012809647068141033,1.0,0.0007245693539256182,2.0,0.0043379587103476915,828.0
144,144.0,0.012664171726675399,1.0,0.0007340193039984882,2.0,0.004343096746293142,829.0
145,145.0,0.012521184814431562,1.0,0.0007434824419525859,2.0,0.004348348686574011,830.0
146,146.0,0.01238063583549464,1.0,0.000752958031519988,2.0,0.0043537137556530475,831.0
147,147.0,0.012242475805294443,1.0,0.0007624453544520738,2.0,0.0043591903192656154,832.0
148,148.0,0.012106657197285299,1.0,0.0007719437105741008,2.0,0.0043647760659349544,833.0
149,149.0,0.011973133894827128,1.0,0.0007814524178331326,2.0,0.004370469978900698,834.0
150,150.0,0.011841861146993034,1.0,0.0007909708123415189,2.0,0.004376269599889969,835.0
151,151.0,0.011712795528793047,1.0,0.0008004982484184961,2.0,0.00438217247728159,836.0
152,152.0,0.01158589490496898,1.0,0.000810034098631751,2.0,0.0043881767117837514,837.0
153,153.0,0.011461118396096362,1.0,0.0008195777538414089,2.0,0.004394279504022149,838.0
154,154.0,0.011338426347951012,1.0,0.0008291286232484667,2.0,0.0044004783577737865,839.0
155,155.0,0.011217780303794658,1.0,0.0008386861344488294,2.0,0.0044067709438240016,840.0
156,156.0,0.01109914297749491,1.0,0.0008482497334950285,2.0,0.004413153784474375,841.0
157,157.0,0.010982478227678415,1.0,0.0008578188849675846,2.0,0.004419622975904082,842.0
158,158.0,0.010867751032547779,1.0,0.0008673930720563307,2.0,0.004426175483577112,843.0
159,159.0,0.01075492746412352,1.0,0.0008769717966521899,2.0,0.004432807697682929,844.0
160,160.0,0.010643974661380848,1.0,0.0008865545794495926,2.0,0.004439516167226207,845.0
161,161.0,0.01053486080246362,1.0,0.0008961409600586062,2.0,0.004446296878583336,846.0
162,162.0,0.010427555075264236,1.0,0.0009057304971252715,2.0,0.0044531449407484505,847.0
163,163.0,0.010322027646510919,1.0,0.0009153227684586708,2.0,0.00446005820603302,848.0
164,164.0,0.010218249629619345,1.0,0.0009249173711624765,2.0,0.004467031327888546,849.0
165,165.0,0.0101161930518616,1.0,0.0009345139217686881,2.0,0.004474057704059853,850.0
166,166.0,0.010015830821346166,1.0,0.0009441120563713494,2.0,0.004481135353518087,851.0
167,167.0,0.00991713669317691,1.0,0.0009537114307584304,2.0,0.004488258141489575,852.0
168,168.0,0.009820085233586595,1.0,0.0009633117205404371,2.0,0.004495420948934182,853.0
169,169.0,0.009724651785020657,1.0,0.0009729126212736505,2.0,0.004502619403000042,854.0
170,170.0,0.009630812427516912,1.0,0.0009825138485746111,2.0,0.004509846721150594,855.0
171,171.0,0.009538543940350206,1.0,0.0009921151382252295,2.0,0.004517099727522545,856.0
172,172.0,0.00944782373353506,1.0,0.001001716246263282,2.0,0.0045243712899146575,857.0
173,173.0,0.009358629700764507,1.0,0.001011316949056754,2.0,0.004531655637493713,858.0
174,174.0,0.009270939385804805,1.0,0.0010209170433294354,2.0,0.004538948139789955,859.0
175,175.0,0.009184727261292146,1.0,0.0010305163460529424,2.0,0.00454624251953854,860.0
176,176.0,0.009099944842533196,1.0,0.001040114693481889,2.0,0.0045535349044037434,861.0
177,177.0,0.009016587258428974,1.0,0.0010497119372954264,2.0,0.004560819030684118,862.0
178,178.0,0.008934736638216959,1.0,0.0010593079194796567,2.0,0.004568087464741107,863.0
179,179.0,0.008854391470292449,1.0,0.001068902517032211,2.0,0.004575337196953576,864.0
180,180.0,0.008775176427417397,1.0,0.00107849573595612,2.0,0.004582560890613229,865.0
181,181.0,0.008697426951522272,1.0,0.0010880876245696785,2.0,0.004589754361513139,866.0
182,182.0,0.008621182805470482,1.0,0.0010976778634629015,2.0,0.004596912401201233,867.0
183,183.0,0.008546064257227867,1.0,0.0011072665348812849,2.0,0.00460402929710125,868.0
184,184.0,0.008472324025702905,1.0,0.001116853808913897,2.0,0.0046111041285919925,869.0
185,185.0,0.008399994651556735,1.0,0.0011264394731821973,2.0,0.004618127946495261,870.0
186,186.0,0.008328791200322028,1.0,0.0011360236334499905,2.0,0.004625096705581445,871.0
187,187.0,0.008258933967994968,1.0,0.001145606473798851,2.0,0.0046320098200034986,872.0
188,188.0,0.00819037738497887,1.0,0.001155187891731541,2.0,0.004638859972010926,873.0
189,189.0,0.008122943027330411,1.0,0.0011647680732934397,2.0,0.004645644275301026,874.0
190,190.0,0.008056829098962765,1.0,0.001174347191676976,2.0,0.004652360937606233,875.0
191,191.0,0.00799190090028054,1.0,0.0011839252480122355,2.0,0.004659008271204867,876.0
192,192.0,0.007928123896928551,1.0,0.0011935025125934002,2.0,0.004665582326756854,877.0
193,193.0,0.00786557599061588,1.0,0.0012030791341033158,2.0,0.004672078628354195,878.0
194,194.0,0.007804182167350738,1.0,0.0012126552548722505,2.0,0.004678500520523712,879.0
195,195.0,0.007743916747667752,1.0,0.001222231146883012,2.0,0.004684844483320979,880.0
196,196.0,0.007684837783543263,1.0,0.0012318070273617315,2.0,0.004691108550237223,881.0
197,197.0,0.007626855627599691,1.0,0.0012413831166499208,2.0,0.004697294389863306,882.0
198,198.0,0.007569988278300583,1.0,0.0012509597419345178,2.0,0.004703399662843886,883.0
199,199.0,0.007514253880504779,1.0,0.0012605371540519445,2.0,0.004709427021103658,884.0
200,200.0,0.007459588038143665,1.0,0.0012701156601218164,2.0,0.004715377837613503,885.0
201,201.0,0.007406014903750888,1.0,0.0012796956247929292,2.0,0.004721248606542719,886.0
202,202.0,0.007353524528728197,1.0,0.001289277364884987,2.0,0.0047270426845796906,887.0
203,203.0,0.007302082604975441,1.0,0.0012988612615049957,2.0,0.0047327616655130356,888.0
204,204.0,0.007251697713395625,1.0,0.001308447716767847,2.0,0.004738405978974501,889.0
205,205.0,0.007202366903669727,1.0,0.0013180371213923276,2.0,0.004743976352587354,890.0
206,206.0,0.0071540526631598865,1.0,0.0013276299101739352,2.0,0.004749475007039905,891.0
207,207.0,0.00710676716904241,1.0,0.0013372265471495639,2.0,0.004754902659035807,892.0
208,208.0,0.00706050202870904,1.0,0.0013468274790767586,2.0,0.0047602627451884625,893.0
209,209.0,0.0070152301991979705,1.0,0.0013564332012027454,2.0,0.004765555415122579,894.0
210,210.0,0.006970953560514148,1.0,0.001366044229915508,2.0,0.004770781564170782,895.0
211,211.0,0.006927663208470211,1.0,0.0013756610768481628,2.0,0.004775943779274184,896.0
212,212.0,0.006885340648292236,1.0,0.001385284287808231,2.0,0.004781042886345838,897.0
213,213.0,0.006843977207927032,1.0,0.0013949144279860532,2.0,0.004786080504219457,898.0
214,214.0,0.0068035682732453424,1.0,0.0014045520682159692,2.0,0.004791056208069039,899.0
215,215.0,0.006764093095425146,1.0,0.0014141977981360495,2.0,0.004795973377960214,900.0
216,216.0,0.006725542091858993,1.0,0.0014238522317065094,2.0,0.0048008334136698146,901.0
217,217.0,0.00668790545630573,1.0,0.0014335159840160375,2.0,0.0048056347876338215,902.0
218,218.0,0.006651168220965053,1.0,0.0014431896865526872,2.0,0.004810380028433522,903.0
219,219.0,0.006615314454421421,1.0,0.0014528739865733414,2.0,0.004815069003491192,904.0
220,220.0,0.00658033109608177,1.0,0.001462569539237788,2.0,0.004819703236609502,905.0
221,221.0,0.006546206411408289,1.0,0.00147227700562265,2.0,0.004824284929658143,906.0
222,222.0,0.006512920655874728,1.0,0.001481997056360859,2.0,0.004828812511837946,907.0
223,223.0,0.006480459194088433,1.0,0.0014917303731432593,2.0,0.0048332859831545115,908.0
224,224.0,0.006448807158669902,1.0,0.001501477636279208,2.0,0.004837707074124311,909.0
225,225.0,0.006417947413480511,1.0,0.0015112395316141392,2.0,0.004842075591063972,910.0
226,226.0,0.006387861764266302,1.0,0.001521016749620814,2.0,0.004846392133377735,911.0
227,227.0,0.006358532492321224,1.0,0.0015308099813580523,2.0,0.00485065726744347,912.0
228,228.0,0.006329942883224107,1.0,0.0015406199161600424,2.0,0.004854870621606391,913.0
229,229.0,0.006302073800459925,1.0,0.00155044724163945,2.0,0.0048590331936904626,914.0
230,230.0,0.006274904371236261,1.0,0.0015602926445414961,2.0,0.004863144856319923,915.0
231,231.0,0.006248412891599778,1.0,0.0015701568062753246,2.0,0.004867205789230847,916.0
232,232.0,0.006222580666964367,1.0,0.0015800403993833465,2.0,0.004871217027726955,917.0
233,233.0,0.006197419170408601,1.0,0.001589944085343616,2.0,0.004875177880316454,918.0
234,234.0,0.006172921488063866,1.0,0.0015998685184634607,2.0,0.004879088248703264,919.0
235,235.0,0.006149007282258586,1.0,0.0016098143936687512,2.0,0.0048829492772194194,920.0
236,236.0,0.006125614199751698,1.0,0.0016197824174453055,2.0,0.004886761197153239,921.0
237,237.0,0.00610281890887191,1.0,0.001629773187986257,2.0,0.00489052380971142,922.0
238,238.0,0.006080644885552776,1.0,0.0016397872208198212,2.0,0.004894237374910748,923.0
239,239.0,0.006058991256391388,1.0,0.0016498251751864243,2.0,0.004897902356540094,924.0
240,240.0,0.006037801190756308,1.0,0.0016598877697320074,2.0,0.004901520333169158,925.0
241,241.0,0.006017119137058558,1.0,0.0016699755761809397,2.0,0.004905092296849601,926.0
242,242.0,0.005996959069629539,1.0,0.0016800890883913724,2.0,0.00490861647536042,927.0
243,243.0,0.005977268259416818,1.0,0.0016902288907966448,2.0,0.004912092688868115,928.0
244,244.0,0.005957984821434249,1.0,0.001700395608969435,2.0,0.004915522772526591,929.0
245,245.0,0.005939127917410737,1.0,0.001710589796367763,2.0,0.004918908024127396,930.0
246,246.0,0.00592071138972763,1.0,0.001720811916027109,2.0,0.004922248725653878,931.0
247,247.0,0.005902701835680668,1.0,0.0017310624778170466,2.0,0.004925544127625476,932.0
248,248.0,0.005885046517895566,1.0,0.001741342030277455,2.0,0.0049287950453755,933.0
249,249.0,0.0058677429972181,1.0,0.0017516510786956326,2.0,0.004932003165388177,934.0
250,250.0,0.005850796710805351,1.0,0.0017619900494387636,2.0,0.004935168781320353,935.0
251,251.0,0.005834192040365697,1.0,0.0017723593764856084,2.0,0.004938292126091988,936.0
252,252.0,0.00581789829146234,1.0,0.001782759515445324,2.0,0.0049413741271022915,937.0
253,253.0,0.005801893467178815,1.0,0.0017931909061886437,2.0,0.004944415528932155,938.0
254,254.0,0.005786182104205373,1.0,0.0018036539449456785,2.0,0.0049474168533104506,939.0
255,255.0,0.005770740769481636,1.0,0.001814148998577462,2.0,0.00495037874968959,940.0
256,256.0,0.005755552338999299,1.0,0.0018246764519284843,2.0,0.004953302307573956,941.0
257,257.0,0.005740591015284305,1.0,0.0018352366568232012,2.0,0.004956188386034229,942.0
258,258.0,0.0057258467514983875,1.0,0.0018458299425612508,2.0,0.004959037575856845,943.0
259,259.0,0.0057113165352034425,1.0,0.0018564565989894679,2.0,0.004961850742538358,944.0
260,260.0,0.005696994613011751,1.0,0.0018671169046142553,2.0,0.004964628480308259,945.0
261,261.0,0.005682863843312821,1.0,0.0018778111393445598,2.0,0.004967371422433435,946.0
262,262.0,0.005668888602297246,1.0,0.0018885395792217524,2.0,0.004970080647240105,947.0
263,263.0,0.00565505460139747,1.0,0.001899302474547525,2.0,0.004972757068697721,948.0
264,264.0,0.005641355595144529,1.0,0.0019101000137211797,2.0,0.004975401663598838,949.0
265,265.0,0.005627789753133973,1.0,0.001920932362354394,2.0,0.004978015234977602,950.0
266,266.0,0.0056143441921319434,1.0,0.001931799678080845,2.0,0.004980598032080899,951.0
267,267.0,0.005601001161957514,1.0,0.0019427021188364402,2.0,0.004983150465669829,952.0
268,268.0,0.005587745016893797,1.0,0.0019536398212072624,2.0,0.004985673640809927,953.0
269,269.0,0.005574556616877293,1.0,0.0019646128902019856,2.0,0.004988168753420407,954.0
270,270.0,0.00556142481297795,1.0,0.001975621402469119,2.0,0.004990636489629719,955.0
271,271.0,0.005548341262441853,1.0,0.0019866653985213326,2.0,0.00499307723534287,956.0
272,272.0,0.005535294321315344,1.0,0.001997744897664479,2.0,0.00499549161480668,957.0
273,273.0,0.005522277588741332,1.0,0.002008859903033484,2.0,0.004997880446849274,958.0
274,274.0,0.0055092716090304715,1.0,0.002020010394473036,2.0,0.0050002444446207136,959.0
275,275.0,0.005496268063467524,1.0,0.0020311963385475948,2.0,0.005002584343216938,960.0
276,276.0,0.005483249966786187,1.0,0.002042417661525972,2.0,0.005004900987199114,961.0
277,277.0,0.00547020589663922,1.0,0.0020536742711633055,2.0,0.0050071949350930026,962.0
278,278.0,0.005457121881348769,1.0,0.0020649660383334316,2.0,0.00500946651879217,963.0
279,279.0,0.005443993970154837,1.0,0.0020762928076127336,2.0,0.0050117163339053975,964.0
280,280.0,0.005430847539951353,1.0,0.002087654391298714,2.0,0.00501394517303283,965.0
281,281.0,0.0054176774135099885,1.0,0.002099050589634222,2.0,0.0050161536535687536,966.0
282,282.0,0.005404383154759287,1.0,0.0021104812524587106,2.0,0.005018342222975103,967.0
283,283.0,0.005390921739145048,1.0,0.0021219462158082853,2.0,0.005020511374056871,968.0
284,284.0,0.0053773894457768805,1.0,0.0021334450983759284,2.0,0.005022661667821214,969.0
285,285.0,0.005363820677063746,1.0,0.0021449774188546213,2.0,0.005024793621408414,970.0
286,286.0,0.005350145918291599,1.0,0.002156542893819706,2.0,0.005026907699386003,971.0
287,287.0,0.005336315154121591,1.0,0.002168141309094387,2.0,0.005029004416303138,972.0
288,288.0,0.00532231212801558,1.0,0.002179772295205953,2.0,0.005031084319172579,973.0
289,289.0,0.005308173308273453,1.0,0.0021914353660482345,2.0,0.005033147961148545,974.0
290,290.0,0.0052939183621668415,1.0,0.0022031299902949457,2.0,0.0050351957565905655,975.0
291,291.0,0.0052794886235798455,1.0,0.0022148557071727617,2.0,0.005037227890401581,976.0
292,292.0,0.005264831966961542,1.0,0.0022266120911389894,2.0,0.0050392445983058675,977.0
293,293.0,0.005250017955374063,1.0,0.002238398577654017,2.0,0.005041246439798833,978.0
294,294.0,0.005235244812745629,1.0,0.0022502144743958936,2.0,0.005043234066545537,979.0
295,295.0,0.005220198908052874,1.0,0.002262059233388609,2.0,0.005045207857205656,980.0
296,296.0,0.005204782924796746,1.0,0.0022739327476332593,2.0,0.005047167960488681,981.0
297,297.0,0.0051891854323491225,1.0,0.0022858341928350635,2.0,0.005049114623045322,982.0
298,298.0,0.005173465505262812,1.0,0.00229776250575054,2.0,0.005051048238994434,983.0
299,299.0,0.005157592997714164,1.0,0.0023097170386162775,2.0,0.005052969163021205,984.0
300,300.0,0.005141327865018098,1.0,0.0023216972696986013,2.0,0.005054877675010976,985.0
301,301.0,0.005124897789305141,1.0,0.002333702598579697,2.0,0.005056774108116501,986.0
302,302.0,0.0051083550868336524,1.0,0.0023457318519462043,2.0,0.005058658751663414,987.0
303,303.0,0.005091451678665307,1.0,0.0023577843718949666,2.0,0.005060531843217125,988.0
304,304.0,0.005074274765122934,1.0,0.0023698596139970014,2.0,0.00506239396901351,989.0
305,305.0,0.005056994170529276,1.0,0.002381956434896425,2.0,0.00506424587662236,990.0
306,306.0,0.005039378829761744,1.0,0.002394073879948465,2.0,0.005066087339413502,991.0
307,307.0,0.00502149266301322,1.0,0.0024062113872550276,2.0,0.0050679174082809975,992.0
308,308.0,0.005003395652577005,1.0,0.0024183678284360587,2.0,0.005069736252492103,993.0
309,309.0,0.004985006206822878,1.0,0.002430542211530711,2.0,0.005071545396297155,994.0
310,310.0,0.004966388899971581,1.0,0.002442733675223508,2.0,0.005073345786299716,995.0
311,311.0,0.00494750735311838,1.0,0.0024549411449121964,2.0,0.005075136722242285,996.0
312,312.0,0.0049282959043824405,1.0,0.0024671636883163177,2.0,0.005076917528883677,997.0
313,313.0,0.004908868538659864,1.0,0.0024794002690922924,2.0,0.005078688741009867,998.0
314,314.0,0.004889204905762182,1.0,0.0024916496716239486,2.0,0.005080451004404581,999.0
315,315.0,0.004869211526487258,1.0,0.002503910946800324,2.0,0.005082204505329538,1000.0
316,316.0,0.0048489303403952706,1.0,0.0025161830809743158,2.0,0.005083949401300161,1001.0
317,317.0,0.004828435419711083,1.0,0.0025284648098027364,2.0,0.005085685796113524,1002.0
318,318.0,0.004807645065808716,1.0,0.0025407549565663757,2.0,0.005087413726593273,1003.0
319,319.0,0.004786550602494188,1.0,0.002553052516779121,2.0,0.005089133425827303,1004.0
320,320.0,0.004765199479435368,1.0,0.0025653562631368985,2.0,0.005090845249026396,1005.0
321,321.0,0.004743596809353879,1.0,0.002577664928729182,2.0,0.0050925495691610725,1006.0
322,322.0,0.004721693646318591,1.0,0.00258997735188192,2.0,0.005094246751812055,1007.0
323,323.0,0.00469949678573533,1.0,0.002602292368922376,2.0,0.00509593679386887,1008.0
324,324.0,0.004677048644320986,1.0,0.0026146086731743466,2.0,0.005097619291045796,1009.0
325,325.0,0.004654328977420519,1.0,0.0026269249584013033,2.0,0.005099294102388581,1010.0
326,326.0,0.004631297672829805,1.0,0.002639240013272071,2.0,0.005100961587367011,1011.0
327,327.0,0.004608005281147719,1.0,0.0026515525578607434,2.0,0.005102622122153183,1012.0
328,328.0,0.004584559203059256,1.0,0.0026638611895199293,2.0,0.005104275894889389,1013.0
329,329.0,0.004560965290177447,1.0,0.002676164623092922,2.0,0.005105923073539544,1014.0
330,330.0,0.004536854609755303,1.0,0.0026884618469199583,2.0,0.005107563738990034,1015.0
331,331.0,0.004512385753192785,1.0,0.0027007518552384048,2.0,0.005109197847070952,1016.0
332,332.0,0.004487871212139841,1.0,0.0027130326317915065,2.0,0.005110825457019816,1017.0
333,333.0,0.004463185578171305,1.0,0.002725302564922877,2.0,0.005112446774599204,1018.0
334,334.0,0.004438167752365815,1.0,0.002737560878715154,2.0,0.005114061985906806,1019.0
335,335.0,0.0044128454601345705,1.0,0.002749806448072678,2.0,0.0051156712200125356,1020.0
336,336.0,0.004387312979353266,1.0,0.0027620376925331295,2.0,0.005117274584420473,1021.0
337,337.0,0.004361549283254869,1.0,0.00277425309035676,2.0,0.005118872136304331,1022.0
338,338.0,0.00433560657328161,1.0,0.002786451365774125,2.0,0.005120463904651981,1023.0
339,339.0,0.0043093624999330565,1.0,0.0027986311721442136,2.0,0.005122049977221967,1024.0
340,340.0,0.004283055557239088,1.0,0.0028107912966081317,2.0,0.005123630503145488,1025.0
341,341.0,0.004256490383286772,1.0,0.0028229301706211045,2.0,0.005125205611998789,1026.0
342,342.0,0.004229679786920572,1.0,0.002835046885657918,2.0,0.005126775383442379,1027.0
343,343.0,0.0042026371927992735,1.0,0.0028471399725168477,2.0,0.005128339884527766,1028.0
344,344.0,0.004175464631655492,1.0,0.0028592079848229956,2.0,0.005129899190627408,1029.0
345,345.0,0.004148119845885688,1.0,0.002871249501705315,2.0,0.005131453378925576,1030.0
346,346.0,0.004120548517402775,1.0,0.0028832633842191067,2.0,0.005133002531622772,1031.0
347,347.0,0.004092838500573036,1.0,0.0028952483638500313,2.0,0.005134546738392529,1032.0
348,348.0,0.0040649985535749465,1.0,0.0029072030050427277,2.0,0.005136086085409635,1033.0
349,349.0,0.004036970778589784,1.0,0.00291912611711682,2.0,0.005137620646327929,1034.0
350,350.0,0.00400875246252561,1.0,0.0029310165278117408,2.0,0.005139150485220098,1035.0
351,351.0,0.003980402765769569,1.0,0.0029428728877754374,2.0,0.005140675666846874,1036.0
352,352.0,0.0039519666255652995,1.0,0.0029546938303274895,2.0,0.005142196267066289,1037.0
353,353.0,0.003923383806195284,1.0,0.002966478155000989,2.0,0.005143712367749457,1038.0
354,354.0,0.00389465401924527,1.0,0.002978224788817424,2.0,0.005145224037721928,1039.0
355,355.0,0.0038657950453657958,1.0,0.0029899324745974783,2.0,0.005146731331588156,1040.0
356,356.0,0.0038368339839853277,1.0,0.003001599947512082,2.0,0.005148234309937518,1041.0
357,357.0,0.0038077678549772545,1.0,0.0030132259896654212,2.0,0.005149733045419847,1042.0
358,358.0,0.003778611193846851,1.0,0.0030248094594692953,2.0,0.005151227605355774,1043.0
359,359.0,0.0037493447943017077,1.0,0.0030363492020268764,2.0,0.005152718045269684,1044.0
360,360.0,0.0037199747292212867,1.0,0.003047844102489864,2.0,0.00515420442078405,1045.0
361,361.0,0.003690582787836417,1.0,0.0030592929838111687,2.0,0.005155686792034732,1046.0
362,362.0,0.0036612442758295143,1.0,0.003070694683417433,2.0,0.005157165215480822,1047.0
363,363.0,0.0036318284493051757,1.0,0.003082048287069864,2.0,0.005158639743071474,1048.0
364,364.0,0.0036021999835489375,1.0,0.0030933531135844115,2.0,0.005160110428383567,1049.0
365,365.0,0.0035724413699658973,1.0,0.0031046080794787396,2.0,0.005161577326906843,1050.0
366,366.0,0.0035427339225751215,1.0,0.003115811677451781,2.0,0.005163040491730974,1051.0
367,367.0,0.0035130962627827494,1.0,0.0031269626500873117,2.0,0.005164499972894952,1052.0
368,368.0,0.0034834457602404066,1.0,0.0031380603047612386,2.0,0.005165955818000667,1053.0
369,369.0,0.003453758719111205,1.0,0.003149104011492705,2.0,0.005167408071832454,1054.0
370,370.0,0.003423951072509821,1.0,0.003160092884080909,2.0,0.005168856776608312,1055.0
371,371.0,0.003394110687074862,1.0,0.003171025962540032,2.0,0.005170301974062917,1056.0
372,372.0,0.003364385039350984,1.0,0.003181902019829438,2.0,0.005171743704114623,1057.0
373,373.0,0.0033347472809193905,1.0,0.0031927201063717396,2.0,0.005173182004817731,1058.0
374,374.0,0.0033050807924458856,1.0,0.00320347974591761,2.0,0.005174616910513142,1059.0
375,375.0,0.003275331223951097,1.0,0.003214180383250414,2.0,0.005176048453271258,1060.0
376,376.0,0.0032456063899975428,1.0,0.0032248210933017558,2.0,0.005177476660205578,1061.0
377,377.0,0.003215968460393154,1.0,0.0032354007765036685,2.0,0.005178901557864471,1062.0
378,378.0,0.0031864100531294242,1.0,0.003245918682429433,2.0,0.005180323175860469,1063.0
379,379.0,0.003156837080902121,1.0,0.003256374266952157,2.0,0.005181741560713897,1064.0
380,380.0,0.0031272790028655816,1.0,0.0032667669683572433,2.0,0.0051831567876123455,1065.0
381,381.0,0.0030978299995146072,1.0,0.0032770959228709275,2.0,0.00518456897767692,1066.0
382,382.0,0.003068511651512664,1.0,0.0032873603660296814,2.0,0.0051859782885510484,1067.0
383,383.0,0.0030393039845092507,1.0,0.003297559847720965,2.0,0.005187384862693394,1068.0
384,384.0,0.0030102079684411675,1.0,0.0033076939969126935,2.0,0.0051887887324173895,1069.0
385,385.0,0.0029810787118314534,1.0,0.0033177623849029157,2.0,0.005190189758478653,1070.0
386,386.0,0.002951902790198185,1.0,0.0033277645940361623,2.0,0.005191587709927523,1071.0
387,387.0,0.002922803533704846,1.0,0.0033376997309379885,2.0,0.005192982432615243,1072.0
388,388.0,0.0028939544913682926,1.0,0.003347566859488738,2.0,0.005194373954433753,1073.0
389,389.0,0.002865322044050205,1.0,0.0033573654594262264,2.0,0.005195762442706272,1074.0
390,390.0,0.0028366778513254495,1.0,0.0033670956015709784,2.0,0.005197148087283888,1075.0
391,391.0,0.0028080435363258918,1.0,0.003376757256699295,2.0,0.005198531004468182,1076.0
392,392.0,0.0027795253362253654,1.0,0.003386349634461446,2.0,0.005199911205137146,1077.0
393,393.0,0.002751234489324039,1.0,0.003395872021302645,2.0,0.005201288627457802,1078.0
394,394.0,0.0027231159335696356,1.0,0.003405324069728474,2.0,0.005202663200645556,1079.0
395,395.0,0.0026950335972940236,1.0,0.00341470582045452,2.0,0.005204034895583236,1080.0
396,396.0,0.002666991502264376,1.0,0.003424017138181485,2.0,0.005205403735260553,1081.0
397,397.0,0.002639158352150054,1.0,0.0034332574308561983,2.0,0.0052067697763075035,1082.0
398,398.0,0.002611549114995659,1.0,0.0034424261256649487,2.0,0.005208133067305379,1083.0
399,399.0,0.0025840352301613268,1.0,0.003451523237685742,2.0,0.005209493604067019,1084.0
400,400.0,0.0025565902303539357,1.0,0.0034605488455516243,2.0,0.005210851335255239,1085.0
401,401.0,0.0025293006890401695,1.0,0.00346950259408505,2.0,0.005212206223174175,1086.0
402,402.0,0.0025022131580626525,1.0,0.0034783840436348507,2.0,0.005213558286457452,1087.0
403,403.0,0.0024752819872904674,1.0,0.003487193063122693,2.0,0.005214907581758291,1088.0
404,404.0,0.002448480900046337,1.0,0.003495929693946245,2.0,0.00521625414877343,1089.0
405,405.0,0.002421823618295455,1.0,0.003504593828835017,2.0,0.005217597966654175,1090.0
406,406.0,0.002395319347359916,1.0,0.0035131852778867933,2.0,0.0052189389668529755,1091.0
407,407.0,0.002368986917295858,1.0,0.0035217039082783663,2.0,0.005220277097013374,1092.0
408,408.0,0.0023428266691266223,1.0,0.0035301496288845237,2.0,0.005221612360498141,1093.0
409,409.0,0.002316827263907824,1.0,0.003538522424693314,2.0,0.005222944792586405,1094.0
410,410.0,0.00229097564975547,1.0,0.0035468222919743963,2.0,0.0052242744137446255,1095.0
411,411.0,0.0022652863869381205,1.0,0.003555049196719284,2.0,0.005225601206515895,1096.0
412,412.0,0.0022397767222593584,1.0,0.0035632030680229545,2.0,0.005226925129291952,1097.0
413,413.0,0.0022144574757822057,1.0,0.0035712838961217868,2.0,0.005228246144910655,1098.0
414,414.0,0.002189291401510051,1.0,0.0035792917425549182,2.0,0.005229564231291679,1099.0
415,415.0,0.0021642802942368608,1.0,0.003587226717744789,2.0,0.0052308793734305815,1100.0
416,416.0,0.002139412195789383,1.0,0.0035950888085571216,2.0,0.005232191553595288,1101.0
417,417.0,0.0021147304650627695,1.0,0.0036028780174371566,2.0,0.0052335007478083,1102.0
418,418.0,0.0020902527679693564,1.0,0.00361059431277578,2.0,0.005234806925556802,1103.0
419,419.0,0.0020660037808477314,1.0,0.0036182378285538274,2.0,0.005236110047039817,1104.0
420,420.0,0.0020420040537979978,1.0,0.0036258087727836998,2.0,0.005237410063455255,1105.0
421,421.0,0.0020181804860711656,1.0,0.003633307453568328,2.0,0.0052387069248135566,1106.0
422,422.0,0.0019944544599239103,1.0,0.003640734264906639,2.0,0.005240000589348578,1107.0
423,423.0,0.0019708237536064693,1.0,0.0036480893456953046,2.0,0.005241291025692374,1108.0
424,424.0,0.0019473589394257969,1.0,0.00365537255677744,2.0,0.005242578206027443,1109.0
425,425.0,0.0019241163314438552,1.0,0.003662583757843795,2.0,0.0052438620978865645,1110.0
426,426.0,0.001901117181462925,1.0,0.0036697230744720567,2.0,0.005245142661330779,1111.0
427,427.0,0.0018783740958080398,1.0,0.003676790848180935,2.0,0.005246419850538607,1112.0
428,428.0,0.001855839756056782,1.0,0.003683787509171268,2.0,0.005247693616150897,1113.0
429,429.0,0.00183340975756047,1.0,0.0036907135450461436,2.0,0.005248963906415849,1114.0
430,430.0,0.001811086211213367,1.0,0.003697569279543576,2.0,0.005250230668708164,1115.0
431,431.0,0.0017889704309847643,1.0,0.0037043546593307024,2.0,0.00525149385209007,1116.0
432,432.0,0.0017671119256742812,1.0,0.003711069645685258,2.0,0.0052527534081121515,1117.0
433,433.0,0.0017454823020208777,1.0,0.0037177145833472104,2.0,0.005254009287932066,1118.0
434,434.0,0.0017240305502102414,1.0,0.003724290010881903,2.0,0.0052552614376635874,1119.0
435,435.0,0.0017027374297419783,1.0,0.0037307963715521907,2.0,0.005256509796512912,1120.0
436,436.0,0.0016816010416600509,1.0,0.003737233927745133,2.0,0.005257754299720451,1121.0
437,437.0,0.0016606414521250343,1.0,0.0037436028781627382,2.0,0.0052589948833113255,1122.0
438,438.0,0.0016398864814544396,1.0,0.003749903422162895,2.0,0.005260231486189148,1123.0
439,439.0,0.0016193487717205102,1.0,0.0037561358421346804,2.0,0.005261464048487172,1124.0
440,440.0,0.0015990128628868834,1.0,0.0037623005332214914,2.0,0.005262692508554342,1125.0
441,441.0,0.0015788712195446925,1.0,0.003768397946888473,2.0,0.00526391680168236,1126.0
442,442.0,0.0015589009428284579,1.0,0.0037744284851321352,2.0,0.00526513686091391,1127.0
443,443.0,0.0015391163992432976,1.0,0.003780392529866832,2.0,0.005266352618230456,1128.0
444,444.0,0.0015195067825529043,1.0,0.0037862903844314236,2.0,0.005267564004791292,1129.0
445,445.0,0.001500088040635678,1.0,0.0037921224141406825,2.0,0.005268770950471044,1130.0
446,446.0,0.001480855799406284,1.0,0.0037978889510151864,2.0,0.005269973383752822,1131.0
447,447.0,0.0014618115122305912,1.0,0.003803590395144343,2.0,0.005271171232433853,1132.0
448,448.0,0.0014429519875953695,1.0,0.0038092271376409664,2.0,0.005272364424404188,1133.0
449,449.0,0.0014242722258691692,1.0,0.003814799582655608,2.0,0.005273552887891901,1134.0
450,450.0,0.0014057629924858863,1.0,0.0038203081295800456,2.0,0.005274736550868679,1135.0
451,451.0,0.001387395082433505,1.0,0.003825753165950304,2.0,0.005275915340225803,1136.0
452,452.0,0.0013691782679538847,1.0,0.003831135050996797,2.0,0.005277089180948925,1137.0
453,453.0,0.0013511503640323641,1.0,0.0038364540386953768,2.0,0.005278257995626041,1138.0
454,454.0,0.0013336350421849802,1.0,0.003841710426657245,2.0,0.005279421704174698,1139.0
455,455.0,0.0013164521415663447,1.0,0.003846904664196701,2.0,0.005280580224272041,1140.0
456,456.0,0.0012990575881170645,1.0,0.0038520384543620505,2.0,0.005281733472271861,1141.0
457,457.0,0.0012814515976674753,1.0,0.0038571128187136,2.0,0.005282881364317818,1142.0
458,458.0,0.0012642874575822397,1.0,0.003862126687040822,2.0,0.005284023816868793,1143.0
459,459.0,0.0012476823145870521,1.0,0.003867078988521647,2.0,0.005285160746692596,1144.0
460,460.0,0.0012311774731420958,1.0,0.003871971180552827,2.0,0.005286292070812606,1145.0
461,461.0,0.0012145512206151025,1.0,0.0038768051861690516,2.0,0.00528741770758135,1146.0
462,462.0,0.001198122762085992,1.0,0.003881581161418593,2.0,0.0052885375795350366,1147.0
463,463.0,0.0011820970640629002,1.0,0.003886298405223221,2.0,0.005289651618681588,1148.0
464,464.0,0.0011663159823207647,1.0,0.0038909574588618847,2.0,0.00529075977260367,1149.0
465,465.0,0.0011504864646980461,1.0,0.0038955596683795785,2.0,0.00529186200822014,1150.0
466,466.0,0.0011347554789118215,1.0,0.003900105772978119,2.0,0.005292958306173823,1151.0
467,467.0,0.001119348977885418,1.0,0.003904595374493709,2.0,0.0052940486422672454,1152.0
468,468.0,0.0011042689268499612,1.0,0.0039090286508301555,2.0,0.005295132959311015,1153.0
469,469.0,0.0010892276281164281,1.0,0.003913406668319688,2.0,0.005296211146594094,1154.0
470,470.0,0.0010741847648983891,1.0,0.003917730509043119,2.0,0.005297283042899404,1155.0
471,471.0,0.0010593686434806466,1.0,0.00392200013465017,2.0,0.005298348467144675,1156.0
472,472.0,0.001044903036116444,1.0,0.003926215351403549,2.0,0.005299407259701312,1157.0
473,473.0,0.001030607278524899,1.0,0.00393037686512295,2.0,0.005300459312328751,1158.0
474,474.0,0.0010163281058657258,1.0,0.003934485874600638,2.0,0.005301504572016962,1159.0
475,475.0,0.0010022140145196125,1.0,0.003938542874967308,2.0,0.005302543023060212,1160.0
476,476.0,0.0009883459936551704,1.0,0.003942547761926884,2.0,0.0053035746603459525,1161.0
477,477.0,0.0009746226331726597,1.0,0.003946501019551897,2.0,0.005304599464966777,1162.0
478,478.0,0.0009610279844390493,1.0,0.00395040345650249,2.0,0.005305617386544348,1163.0
479,479.0,0.0009476245027516441,1.0,0.003954255486259053,2.0,0.005306628337072418,1164.0
480,480.0,0.0009343911976211305,1.0,0.003958057463342156,2.0,0.0053076322027193175,1165.0
481,481.0,0.0009212936664490791,1.0,0.003961809993572515,2.0,0.005308628872445165,1166.0
482,482.0,0.0009083491839854388,1.0,0.003965513604267773,2.0,0.005309618268504362,1167.0
483,483.0,0.0008955686089668795,1.0,0.003969168690539519,2.0,0.005310600358497441,1168.0
484,484.0,0.0008829452879525158,1.0,0.00397277571990176,2.0,0.005311575140464743,1169.0
485,485.0,0.0008704844060486536,1.0,0.003976335207009429,2.0,0.0053125426090489805,1170.0
486,486.0,0.0008581713199468,1.0,0.003979847644088662,2.0,0.005313502725624957,1171.0
487,487.0,0.0008459910183340196,1.0,0.0039833135479089045,2.0,0.005314455410924317,1172.0
488,488.0,0.0008339651427349516,1.0,0.003986733380755309,2.0,0.0053154005596402955,1173.0
489,489.0,0.0008221060933772207,1.0,0.003990107548645786,2.0,0.005316338058142217,1174.0
490,490.0,0.0008103920472263162,1.0,0.003993436547391577,2.0,0.005317267794123731,1175.0
491,491.0,0.0007988062222212964,1.0,0.003996720925964522,2.0,0.005318189666516919,1176.0
492,492.0,0.0007873649939459251,1.0,0.003999961149743697,2.0,0.00531910360393148,1177.0
493,493.0,0.0007760791894353341,1.0,0.004003157620279032,2.0,0.0053200095789762356,1178.0
494,494.0,0.0007649312460200102,1.0,0.004006310807809228,2.0,0.0053209075988752816,1179.0
495,495.0,0.0007539125307603104,1.0,0.004009421229220243,2.0,0.005321797674738208,1180.0
496,496.0,0.0007430284870088764,1.0,0.004012489334241628,2.0,0.0053226797930177126,1181.0
497,497.0,0.0007322872016972391,1.0,0.004015515540977844,2.0,0.005323553908422041,1182.0
498,498.0,0.0007216848860970923,1.0,0.004018500292292444,2.0,0.005324419956590839,1183.0
499,499.0,0.0007112286391695342,1.0,0.004021444066470584,2.0,0.005325277871826323,1184.0
500,500.0,0.0007009225355912533,1.0,0.004024347329494163,2.0,0.00532612759681492,1185.0
501,501.0,0.0006907929281172722,1.0,0.004027210578781312,2.0,0.005326969083467359,1186.0
502,502.0,0.0006807873850887792,1.0,0.00403003433104735,2.0,0.00532780229144147,1187.0
503,503.0,0.0006708996721029574,1.0,0.004032819212151394,2.0,0.005328627188471812,1188.0
504,504.0,0.0006610821571722665,1.0,0.004035565639463904,2.0,0.005329443750877338,1189.0
505,505.0,0.0006513440462323875,1.0,0.0040382740076498344,2.0,0.005330251961269445,1190.0
506,506.0,0.0006417235397788921,1.0,0.004040944521256512,2.0,0.005331051803478227,1191.0
507,507.0,0.0006322657704126965,1.0,0.00404357742387431,2.0,0.005331843257830291,1192.0
508,508.0,0.0006229737166979401,1.0,0.004046173115550354,2.0,0.005332626299999103,1193.0
509,509.0,0.0006138256952703531,1.0,0.004048732181317325,2.0,0.005333400903747481,1194.0
510,510.0,0.0006048081325758327,1.0,0.004051255220945922,2.0,0.0053341670452827115,1195.0
511,511.0,0.0005959349570223521,1.0,0.004053742748952941,2.0,0.005334924706066311,1196.0
512,512.0,0.0005872061111953104,1.0,0.004056195227174265,2.0,0.005335673872803711,1197.0
513,513.0,0.0005785249707678537,1.0,0.0040586131761728116,2.0,0.005336414535542226,1198.0
514,514.0,0.0005698656678881434,1.0,0.004060997118565609,2.0,0.005337146685974684,1199.0
515,515.0,0.0005613275935090069,1.0,0.004063347186591433,2.0,0.005337870316997557,1200.0
516,516.0,0.0005529909905186354,1.0,0.004065663408617488,2.0,0.005338585423110021,1201.0
517,517.0,0.000544818802928493,1.0,0.004067946218376719,2.0,0.005339292000688467,1202.0
518,518.0,0.0005367229153287755,1.0,0.004070196378144435,2.0,0.005339990047995016,1203.0
519,519.0,0.0005286762943776553,1.0,0.004072414501900624,2.0,0.005340679565280707,1204.0
520,520.0,0.000520727679827184,1.0,0.00407460084681522,2.0,0.005341360555095851,1205.0
521,521.0,0.0005129270057905633,1.0,0.0040767555612652075,2.0,0.005342033022567456,1206.0
522,522.0,0.0005052734080754977,1.0,0.004078878993594843,2.0,0.005342696975366844,1207.0
523,523.0,0.0004977221816298029,1.0,0.00408097169748618,2.0,0.005343352423466897,1208.0
524,524.0,0.000490238583548306,1.0,0.00408303422503419,2.0,0.005343999378927801,1209.0
525,525.0,0.0004828404628484919,1.0,0.004085066947601899,2.0,0.005344637855826391,1210.0
526,526.0,0.0004755598591474444,1.0,0.004087070096046319,2.0,0.005345267870262921,1211.0
527,527.0,0.0004683977237386462,1.0,0.004089043975397598,2.0,0.005345889440387092,1212.0
528,528.0,0.0004613248282165803,1.0,0.004090989023067884,2.0,0.005346502586407982,1213.0
529,529.0,0.00045433419022721574,1.0,0.0040929056818934445,2.0,0.005347107330621052,1214.0
530,530.0,0.0004474490557215509,1.0,0.004094794276531849,2.0,0.005347703697471323,1215.0
531,531.0,0.00044068170772093964,1.0,0.004096655104292461,2.0,0.005348291713707508,1216.0
532,532.0,0.00043400933715147445,1.0,0.004098488558939269,2.0,0.0053488714085758995,1217.0
533,533.0,0.0004274107507536653,1.0,0.004100295085928196,2.0,0.005349442813928404,1218.0
534,534.0,0.0004208966916812458,1.0,0.004102075038538592,2.0,0.00535000596390453,1219.0
535,535.0,0.0004144832764348025,1.0,0.0041038286842739816,2.0,0.005350560894021638,1220.0
536,536.0,0.0004081693728668069,1.0,0.004105556335771819,2.0,0.005351107639815192,1221.0
537,537.0,0.0004019397656280086,1.0,0.00410725837294643,2.0,0.005351646236020817,1222.0
538,538.0,0.00039579119326843543,1.0,0.004108935172229773,2.0,0.005352176717181346,1223.0
539,539.0,0.00038972939957755963,1.0,0.00411058704864729,2.0,0.005352699119618129,1224.0
540,540.0,0.0003837577866937405,1.0,0.00411221430482714,2.0,0.005353213483303727,1225.0
541,541.0,0.000377874810218354,1.0,0.004113817268000032,2.0,0.005353719852359543,1226.0
542,542.0,0.0003720765543991068,1.0,0.004115396280388812,2.0,0.005354218274100169,1227.0
543,543.0,0.00036635853922392924,1.0,0.004116951678850187,2.0,0.005354708797482701,1228.0
544,544.0,0.0003607185628021207,1.0,0.004118483785075884,2.0,0.005355191471631129,1229.0
545,545.0,0.0003551588815895098,1.0,0.004119992903218361,2.0,0.005355666344716332,1230.0
546,546.0,0.0003496818089015288,1.0,0.004121479329227891,2.0,0.005356133463293045,1231.0
547,547.0,0.00034428457797259165,1.0,0.004122943369200354,2.0,0.005356592872350875,1232.0
548,548.0,0.0003389618227277693,1.0,0.004124385339611105,2.0,0.005357044616217239,1233.0
549,549.0,0.00033371317304726626,1.0,0.004125805546354789,2.0,0.0053574887403811085,1234.0
550,550.0,0.0003285417417658759,1.0,0.004127204273980635,2.0,0.005357925294173579,1235.0
551,551.0,0.0003234478804481568,1.0,0.004128581806265054,2.0,0.005358354334668783,1236.0
552,552.0,0.00031842806733517725,1.0,0.004129938440578207,2.0,0.005358775931791607,1237.0
553,553.0,0.0003134791908553338,1.0,0.004131274476482184,2.0,0.005359190173997302,1238.0
554,554.0,0.0003086008354025888,1.0,0.004132590199710964,2.0,0.0053595971719255595,1239.0
555,555.0,0.00030379327958054704,1.0,0.0041338858838279105,2.0,0.005359997057185528,1240.0
556,556.0,0.0002990562173851501,1.0,0.004135161801339724,2.0,0.005360389971901339,1241.0
557,557.0,0.0002943884748683876,1.0,0.004136418226551717,2.0,0.005360776045140695,1242.0
558,558.0,0.0002897887545622787,1.0,0.004137655433137233,2.0,0.005361155354780267,1243.0
559,559.0,0.00028525570064368136,1.0,0.004138873690530193,2.0,0.005361527894062868,1244.0
560,560.0,0.0002807882177884549,1.0,0.004140073263393626,2.0,0.005361893576488498,1245.0
561,561.0,0.0002763852641556263,1.0,0.004141254411357686,2.0,0.005362252299622145,1246.0
562,562.0,0.0002720456603744573,1.0,0.004142417390078621,2.0,0.005362604029333823,1247.0
563,563.0,0.0002677679787562548,1.0,0.004143562451442265,2.0,0.0053629488473100366,1248.0
564,564.0,0.0002635493610209266,1.0,0.004144689842976657,2.0,0.005363286930301176,1249.0
565,565.0,0.00025938674795226947,1.0,0.004145799806804868,2.0,0.005363618490753005,1250.0
566,566.0,0.0002552748967850962,1.0,0.00414689257369388,2.0,0.005363943711429067,1251.0
567,567.0,0.0002512122136599409,1.0,0.004147968362195318,2.0,0.005364262703681966,1252.0
568,568.0,0.0002471964958807825,1.0,0.004149027369559843,2.0,0.005364575501203903,1253.0
569,569.0,0.0002432475004632928,1.0,0.004150069786843863,2.0,0.005364882098907898,1254.0
570,570.0,0.00023939959528744057,1.0,0.004151095796365811,2.0,0.00536518252703383,1255.0
571,571.0,0.00023571297821001162,1.0,0.004152105662866211,2.0,0.0053654769059223225,1256.0
572,572.0,0.0002321700086483596,1.0,0.004153099794278821,2.0,0.005365765430320147,1257.0
573,573.0,0.00022863883127557602,1.0,0.004154078849188108,2.0,0.005366048255974626,1258.0
574,574.0,0.0002249797658135758,1.0,0.0041550434136819235,2.0,0.005366325391761244,1259.0
575,575.0,0.00022123134525622385,1.0,0.004155993526568277,2.0,0.0053665967264614365,1260.0
576,576.0,0.00021755765440359601,1.0,0.004156928646210106,2.0,0.005366862184040008,1261.0
577,577.0,0.00021407014596793486,1.0,0.004157848390864815,2.0,0.005367121841268261,1262.0
578,578.0,0.00021075208350756805,1.0,0.004158753061017055,2.0,0.005367375902681612,1263.0
579,579.0,0.00020747784781915892,1.0,0.004159643421191638,2.0,0.005367624594676098,1264.0
580,580.0,0.0002041651134370417,1.0,0.004160520167097316,2.0,0.00536786806281022,1265.0
581,581.0,0.00020083762081436431,1.0,0.004161383472425759,2.0,0.005368106328089022,1266.0
582,582.0,0.00019758324516791522,1.0,0.004162233168493609,2.0,0.005368339337043466,1267.0
583,583.0,0.00019444163687765272,1.0,0.004163069185452273,2.0,0.005368567078391537,1268.0
584,584.0,0.00019137159534730105,1.0,0.004163891819441139,2.0,0.005368789657737972,1269.0
585,585.0,0.00018831558695110557,1.0,0.004164701532103221,2.0,0.005369007266923274,1270.0
586,586.0,0.0001852564422568716,1.0,0.004165498613948977,2.0,0.005369220090513915,1271.0
587,587.0,0.00018224169128626882,1.0,0.004166283116132401,2.0,0.005369428229576194,1272.0
588,588.0,0.00017930879107960285,1.0,0.0041670550184198666,2.0,0.005369631694294662,1273.0
589,589.0,0.00017645324361637273,1.0,0.004167814498778599,2.0,0.005369830462668621,1274.0
590,590.0,0.00017363323442587118,1.0,0.004168561891564867,2.0,0.00537002455505926,1275.0
591,591.0,0.00017081960914489393,1.0,0.00416929751273322,2.0,0.005370214063528217,1276.0
592,592.0,0.00016802877950546503,1.0,0.00417002150420013,2.0,0.00537039912411601,1277.0
593,593.0,0.00016529625890031148,1.0,0.004170733886488035,2.0,0.005370579864729667,1278.0
594,594.0,0.00016263736063139254,1.0,0.0041714347486951344,2.0,0.005370756371480504,1279.0
595,595.0,0.00016003041928625968,1.0,0.0041721243282458005,2.0,0.005370928691436226,1280.0
596,596.0,0.00015744780849589218,1.0,0.004172802926717505,2.0,0.00537109686245868,1281.0
597,597.0,0.00015488276755674555,1.0,0.004173470755555931,2.0,0.005371260941495165,1282.0
598,598.0,0.0001523508952247687,1.0,0.004174127911114066,2.0,0.005371421011142665,1283.0
599,599.0,0.0001498696189572413,1.0,0.0041747744616668445,2.0,0.005371577165737693,1284.0
600,600.0,0.000147440655034016,1.0,0.00417541054074705,2.0,0.005371729493338243,1285.0
601,601.0,0.00014505133938361492,1.0,0.0041760363548290404,2.0,0.005371878067832097,1286.0
602,602.0,0.00014269023588424882,1.0,0.004176652117758887,2.0,0.0053720229542843475,1287.0
603,603.0,0.00014035685857429416,1.0,0.004177257990684047,2.0,0.0053721642178897345,1288.0
604,604.0,0.0001380595851804215,1.0,0.004177854087140659,2.0,0.005372301927484546,1289.0
605,605.0,0.00013580476422720707,1.0,0.004178440518770763,2.0,0.005372436149145457,1290.0
606,606.0,0.00013358987631716452,1.0,0.004179017432359711,2.0,0.005372566939259558,1291.0
607,607.0,0.0001314075513043791,1.0,0.004179585001376102,2.0,0.005372694344012161,1292.0
608,608.0,0.0001292533134358826,1.0,0.004180143388916954,2.0,0.005372818407815716,1293.0
609,609.0,0.00012712963805277307,1.0,0.004180692727417406,2.0,0.005372939186084636,1294.0
610,610.0,0.0001250416385389343,1.0,0.004181233130729342,2.0,0.005373056758249537,1295.0
611,611.0,0.00012299076221329152,1.0,0.004181764723174443,2.0,0.005373171236629586,1296.0
612,612.0,0.00012097334091786763,1.0,0.004182287650581263,2.0,0.005373282766679442,1297.0
613,613.0,0.00011898468196979753,1.0,0.004182802064961312,2.0,0.005373391506550052,1298.0
614,614.0,0.00011702351872572699,1.0,0.004183308103110071,2.0,0.005373497587426258,1299.0
615,615.0,0.00011509208728857017,1.0,0.004183805882308351,2.0,0.005373601067269327,1300.0
616,616.0,0.00011319278543001707,1.0,0.0041842955146436135,2.0,0.005373701916691703,1301.0
617,617.0,0.00011132550307551692,1.0,0.004184777121662805,2.0,0.0053738000520398765,1302.0
618,618.0,0.0001094878984770585,1.0,0.0041852508350520784,2.0,0.005373895398520812,1303.0
619,619.0,0.00010767773189687231,1.0,0.004185716786142908,2.0,0.005373987944983276,1304.0
620,620.0,0.0001058941564586616,1.0,0.004186175096567165,2.0,0.005374077767181478,1305.0
621,621.0,0.00010413752652405516,1.0,0.004186625878676484,2.0,0.005374165014174163,1306.0
622,622.0,0.00010240822335759276,1.0,0.004187069241367074,2.0,0.0053742498651514845,1307.0
623,623.0,0.0001007058352470493,1.0,0.004187505295106034,2.0,0.005374332475045906,1308.0
624,624.0,9.902914237357917e-05,1.0,0.004187934152042844,2.0,0.005374412932170383,1309.0
625,625.0,9.737641554350982e-05,1.0,0.004188355922686968,2.0,0.005374491247712325,1310.0
626,626.0,9.574609928626457e-05,1.0,0.004188770712520088,2.0,0.005374567382841005,1311.0
627,627.0,9.413730600161738e-05,1.0,0.004189178619857884,2.0,0.0053746412988778846,1312.0
628,628.0,9.25522946615468e-05,1.0,0.004189579736572629,2.0,0.005374713001717501,1313.0
629,629.0,9.099751892897121e-05,1.0,0.004189974150886859,2.0,0.005374782556380782,1314.0
630,630.0,8.948694464151855e-05,1.0,0.004190361960555434,2.0,0.005374850069294877,1315.0
631,631.0,8.803065012074987e-05,1.0,0.004190743290447296,2.0,0.0053749156539931045,1316.0
632,632.0,8.662082102342456e-05,1.0,0.00419111832404044,2.0,0.005374979400229923,1317.0
633,633.0,8.52178306411376e-05,1.0,0.00419148728715127,2.0,0.005375041359574062,1318.0
634,634.0,8.37855841210945e-05,1.0,0.004191850372946787,2.0,0.0053751015515280266,1319.0
635,635.0,8.232904692920517e-05,1.0,0.004192207608563364,2.0,0.005375159983068727,1320.0
636,636.0,8.089472120292974e-05,1.0,0.00419255886984192,2.0,0.005375216669050503,1321.0
637,637.0,7.951664710114848e-05,1.0,0.004192904053427186,2.0,0.005375271642650614,1322.0
638,638.0,7.819885465407302e-05,1.0,0.004193243250951263,2.0,0.005375324954493002,1323.0
639,639.0,7.691425894758277e-05,1.0,0.004193576696852309,2.0,0.005375376664031998,1324.0
640,640.0,7.563472093181433e-05,1.0,0.004193904642569396,2.0,0.005375426830462696,1325.0
641,641.0,7.434634860364394e-05,1.0,0.004194227226042711,2.0,0.005375475506246289,1326.0
642,642.0,7.306820954994432e-05,1.0,0.004194544467245702,2.0,0.005375522736003461,1327.0
643,643.0,7.18201886287671e-05,1.0,0.004194856327903748,2.0,0.005375568556843319,1328.0
644,644.0,7.061734181043912e-05,1.0,0.004195162849743448,3.0,0.005375613000081243,1329.0
645,645.0,6.94425350605709e-05,1.0,0.004195464157950651,3.0,0.005375612964925887,1330.0
646,646.0,6.828128334397006e-05,1.0,0.004195760440938505,3.0,0.00537561145129494,1331.0
647,647.0,6.712814478379224e-05,1.0,0.004196051815296918,3.0,0.005375654933855547,1332.0
648,648.0,6.599130766577743e-05,1.0,0.004196338336881875,3.0,0.005375696705662356,1333.0
649,649.0,6.487309932843953e-05,1.0,0.0041966200387443765,3.0,0.005375737633579918,1334.0
650,650.0,6.376887812456334e-05,1.0,0.004196896988326642,3.0,0.005375776667587807,1335.0
651,651.0,6.267585334128036e-05,1.0,0.004197169262873484,3.0,0.005375814561165949,1336.0
652,652.0,6.159957198586293e-05,1.0,0.0041974369201827795,3.0,0.005376951389680795,1337.0
653,653.0,6.05476529071055e-05,1.0,0.004197700006368174,3.0,0.005376951389680795,1338.0
654,654.0,5.952261749323182e-05,1.0,0.004197958590856238,3.0,0.005376951389680795,1339.0
655,655.0,5.851902431843499e-05,1.0,0.004198212775091045,3.0,0.005376951389680795,1340.0
656,656.0,5.752759954062081e-05,1.0,0.004198462671141445,3.0,0.005376951389680795,1341.0
657,657.0,5.654181288892693e-05,1.0,0.004198708368269576,3.0,0.005376951389680795,1342.0
658,658.0,5.556507470365117e-05,1.0,0.004198949916831028,,,
659,659.0,5.460590359930123e-05,1.0,0.004199187339783718,,,
660,660.0,5.367023274666793e-05,1.0,0.004199420674424576,,,
661,661.0,5.2757078256594405e-05,1.0,0.0041996499938461935,,,
662,662.0,5.1860010548046026e-05,1.0,0.004199875396087513,,,
663,663.0,5.097308984910524e-05,1.0,0.004200096975087383,,,
664,664.0,5.009481038118149e-05,1.0,0.004200314797808958,,,
665,665.0,4.922844981390579e-05,1.0,0.0042005289062894266,,,
666,666.0,4.8378096597753874e-05,1.0,0.0042007393362592125,,,
667,667.0,4.75452962716334e-05,1.0,0.004200946137235055,,,
668,668.0,4.672852009675427e-05,1.0,0.004201149375929234,,,
669,669.0,4.5925261148644354e-05,1.0,0.004201349125569572,,,
670,670.0,4.5133880023034584e-05,1.0,0.004201545452983665,,,
671,671.0,4.435422006989802e-05,1.0,0.0042017384144867245,,,
672,672.0,4.358658798896211e-05,1.0,0.00420192805952392,,,
673,673.0,4.283120683738103e-05,1.0,0.004202114436899102,,,
674,674.0,4.208812583844481e-05,1.0,0.004202297596721401,,,
675,675.0,4.135752438539992e-05,1.0,0.0042024775900536245,,,
676,676.0,4.063954441186699e-05,1.0,0.004202654468181502,,,
677,677.0,3.993403204788959e-05,1.0,0.004202828283160432,,,
678,678.0,3.9240251036203025e-05,1.0,0.00420299908765781,,,
679,679.0,3.855737529346202e-05,1.0,0.004203166933709458,,,
680,680.0,3.788462706544779e-05,1.0,0.00420333187027116,,,
681,681.0,3.7221987070073364e-05,1.0,0.0042034939428401115,,,
682,682.0,3.656963210350204e-05,1.0,0.004203653193657087,,,
683,683.0,3.592833746736894e-05,1.0,0.004203809664893993,,,
684,684.0,3.529843780004582e-05,1.0,0.00420396339947788,,,
685,685.0,3.468076973898216e-05,1.0,0.004204114443606979,,,
686,686.0,3.407530205366096e-05,1.0,0.004204262844898338,,,
687,687.0,3.348266102021929e-05,1.0,0.004204408654498379,,,
688,688.0,3.290210644800304e-05,1.0,0.004204551923434204,,,
689,689.0,3.2333330688738305e-05,1.0,0.004204692705377875,,,
690,690.0,3.17740678447181e-05,1.0,0.004204831050900778,,,
691,691.0,3.12220675270235e-05,1.0,0.004204967009291631,,,
692,692.0,3.067411284676885e-05,1.0,0.004205100620321352,,,
693,693.0,3.0129115669802423e-05,1.0,0.004205231914306513,,,
694,694.0,2.9588031567267814e-05,1.0,0.004205360908043183,,,
695,695.0,2.9055466423553005e-05,1.0,0.0042054876137571804,,,
696,696.0,2.8535274294804193e-05,1.0,0.00420561204769833,,,
697,697.0,2.8032658071687904e-05,1.0,0.004205734245493229,,,
698,698.0,2.7547053487436484e-05,1.0,0.004205854258985844,,,
699,699.0,2.707784626316248e-05,1.0,0.004205972161912752,,,
700,700.0,2.6618387512548852e-05,1.0,0.004206088025648715,,,
701,701.0,2.6161359566670308e-05,1.0,0.004206201918995636,,,
702,702.0,2.5700169124014094e-05,1.0,0.00420631388279842,,,
703,703.0,2.5234221322272632e-05,1.0,0.004206423927127813,,,
704,704.0,2.477036418137897e-05,1.0,0.004206532034323334,,,
705,705.0,2.431676678875798e-05,1.0,0.004206638184222992,,,
706,706.0,2.387774197569935e-05,1.0,0.004206742385473346,,,
707,707.0,2.3452493690171817e-05,1.0,0.0042068446810906235,,,
708,708.0,2.3037547972164087e-05,1.0,0.004206945132241724,,,
709,709.0,2.26296042890465e-05,1.0,0.004207043796752857,,,
710,710.0,2.222765655860789e-05,1.0,0.004207140717842558,,,
711,711.0,2.183230731475272e-05,1.0,0.004207235924849439,,,
712,712.0,2.1444344431344076e-05,1.0,0.004207329442883981,,,
713,713.0,2.1063272420988943e-05,1.0,0.004207421299596075,,,
714,714.0,2.068791355979035e-05,1.0,0.004207511525955014,,,
715,715.0,2.0317588180533574e-05,1.0,0.004207600150849864,,,
716,716.0,1.9952457798565466e-05,1.0,0.004207687198218494,,,
717,717.0,1.9593260645483346e-05,1.0,0.004207772689142664,,,
718,718.0,1.9240475204954104e-05,1.0,0.004207856645387237,,,
719,719.0,1.8894043058695375e-05,1.0,0.004207939091826946,,,
720,720.0,1.8553646588424448e-05,1.0,0.004208020055353595,,,
721,721.0,1.8219085566198745e-05,1.0,0.004208099562616819,,,
722,722.0,1.7890439917172748e-05,1.0,0.004208177638933213,,,
723,723.0,1.7567851037671022e-05,1.0,0.004208254308780122,,,
724,724.0,1.725125008886362e-05,1.0,0.004208329596974459,,,
725,725.0,1.6940334089753933e-05,1.0,0.004208403528931349,,,
726,726.0,1.663470355028105e-05,1.0,0.004208476129779329,,,
727,727.0,1.633418993778808e-05,1.0,0.004208547423374845,,,
728,728.0,1.6038693022242808e-05,1.0,0.004208617431895895,,,
729,729.0,1.5748370192738594e-05,1.0,0.00420868617681385,,,
730,730.0,1.54630246067556e-05,1.0,0.0042087536791807914,,,
731,731.0,1.5182606577607744e-05,1.0,0.004208819960713694,,,
732,732.0,1.4906666240598187e-05,1.0,0.004208885042303491,,,
733,733.0,1.4635056916605778e-05,1.0,0.004208948944634321,,,
734,734.0,1.4367457976546745e-05,1.0,0.004209011686499098,,,
735,735.0,1.4103807743755866e-05,1.0,0.00420907328607545,,,
736,736.0,1.3843965240981449e-05,1.0,0.004209133760193437,,,
737,737.0,1.3587771417730562e-05,1.0,0.004209193125425397,,,
738,738.0,1.333506019208624e-05,1.0,0.004209251397752078,,,
739,739.0,1.3085463072100582e-05,1.0,0.0042093085924864845,,,
740,740.0,1.2839032321019908e-05,1.0,0.0042093647242441926,,,
741,741.0,1.2595656716609857e-05,1.0,0.004209419806091234,,,
742,742.0,1.2356583205891192e-05,1.0,0.004209473851315122,,,
743,743.0,1.2122879385564368e-05,1.0,0.00420952687273663,,,
744,744.0,1.1898025193252248e-05,1.0,0.004209578888427059,,,
745,745.0,1.1684045727685288e-05,1.0,0.004209629920953518,,,
746,746.0,1.1484540727267941e-05,1.0,0.004209680007534337,,,
747,747.0,1.1297282126290564e-05,1.0,0.004209729193915392,,,
748,748.0,1.111886694050682e-05,1.0,0.0042097775409993925,,,
749,749.0,1.0939130913583928e-05,1.0,0.0042098251003126076,,,
750,750.0,1.0752576338262764e-05,1.0,0.004209871909057971,,,
751,751.0,1.0556301570834204e-05,1.0,0.004209917961649801,,,
752,752.0,1.0355994165883851e-05,1.0,0.004209963229357434,,,
753,753.0,1.0153808980102551e-05,1.0,0.004210007671233456,,,
754,754.0,9.95188730354714e-06,1.0,0.004210051270274093,,,
755,755.0,9.751250848579009e-06,1.0,0.004210094018547517,,,
756,756.0,9.557792452075507e-06,1.0,0.004210135917137212,,,
757,757.0,9.376757608880031e-06,1.0,0.004210176971428812,,,
758,758.0,9.207987685294107e-06,1.0,0.004210217211618795,,,
759,759.0,9.047025037659207e-06,1.0,0.004210256689990159,,,
760,760.0,8.887382695291582e-06,1.0,0.0042102954581604,,,
761,761.0,2.631999393135988e-05,1.0,0.004210333548981131,,,
762,762.0,2.8473358898951035e-05,2.0,0.004210370967992934,,,
763,763.0,4.2066801316298004e-05,2.0,0.00421048178638963,,,
764,764.0,4.554555019793008e-05,2.0,0.004210601674655482,,,
765,765.0,5.008643695058957e-05,2.0,0.004210778804925204,,,
766,766.0,5.515300986979268e-05,2.0,0.004210970591530149,,,
767,767.0,5.996926187879935e-05,2.0,0.004211181509325243,,,
768,768.0,6.547036591568909e-05,2.0,0.004211413775065668,,,
769,769.0,7.163527014561841e-05,2.0,0.004211666338014231,,,
770,770.0,7.787924974555692e-05,2.0,0.004211942086377169,,,
771,771.0,8.441583304851697e-05,2.0,0.004212243820793778,,,
772,772.0,9.163412561329117e-05,2.0,0.004212571879956787,,,
773,773.0,9.929361718472391e-05,2.0,0.004212927502731407,,,
774,774.0,0.00010720314196949818,2.0,0.004213313568347784,,,
775,775.0,0.00011559041569235716,2.0,0.004213731944263348,,,
776,776.0,0.00012457466342232369,2.0,0.004214183693781674,,,
777,777.0,0.00013401036866637634,2.0,0.004214670841181428,,,
778,778.0,0.00014385318651434633,2.0,0.004215195915088356,,,
779,779.0,0.00015423927376875815,2.0,0.00421576083289936,,,
780,780.0,0.00016520431782759713,2.0,0.004216367327151821,,,
781,781.0,0.0001766529146978784,2.0,0.004217017706743341,,,
782,782.0,0.0001886046016515051,2.0,0.004217714433828012,,,
783,783.0,0.00020114654630850343,2.0,0.004218459571191454,,,
784,784.0,0.00021424657624403892,2.0,0.004219255267114418,,,
785,785.0,0.00022786566749832536,2.0,0.00422010404110337,,,
786,786.0,0.0002420557197398298,2.0,0.004221008280810701,,,
787,787.0,0.0002568333803199003,2.0,0.004221970213275816,,,
788,788.0,0.0002721645416697283,2.0,0.0042229922890141495,,,
789,789.0,0.0002880655991177683,2.0,0.004224077033698124,,,
790,790.0,0.0003045696142721647,2.0,0.004225226834155435,,,
791,791.0,0.0003216436589568025,2.0,0.00422644415198852,,,
792,792.0,0.0003392782309392247,2.0,0.00422773159451157,,,
793,793.0,0.00035745107047013695,2.0,0.004229091636295124,,,
794,794.0,0.0003761169219188304,2.0,0.004230526718470037,,,
795,795.0,0.00039527775428296636,2.0,0.0042320391950924005,,,
796,796.0,0.0004150078199259189,2.0,0.00423363123604467,,,
797,797.0,0.00043529086035722396,2.0,0.0042353050270983,,,
798,798.0,0.0004560798288172823,2.0,0.004237063076606464,,,
799,799.0,0.00047735563368832393,2.0,0.004238907832941254,,,
800,800.0,0.0004990566299842011,2.0,0.00424084155426572,,,
801,801.0,0.0005212103796918581,2.0,0.004242866427165471,,,
802,802.0,0.0005438419694661251,2.0,0.004244984386276854,,,
803,803.0,0.0005669152781957279,2.0,0.004247197492947695,,,
804,804.0,0.0005903851065290737,2.0,0.004249507925452053,,,
805,805.0,0.0006142296421838337,2.0,0.004251917719494336,,,
806,806.0,0.0006384228716673657,2.0,0.004254428729621603,,,
807,807.0,0.0006629717800466767,2.0,0.004257042728655741,,,
808,808.0,0.000687856461378698,2.0,0.004259761389927148,,,
809,809.0,0.0007130312937281523,2.0,0.004262586427978655,,,
810,810.0,0.0007384838819331196,2.0,0.0042655194843562155,,,
811,811.0,0.000764165192176738,2.0,0.0042685620179433986,,,
812,812.0,0.0007900981156756659,2.0,0.004271715446570789,,,
813,813.0,0.0008162009931073137,2.0,0.004274980990533457,,,
814,814.0,0.0008424985432572339,2.0,0.004278359979825163,,,
815,815.0,0.0008689622412212164,2.0,0.004281853407158996,,,
816,816.0,0.0008954524169418324,2.0,0.004285462382695285,,,
817,817.0,0.0009220599109109338,2.0,0.004289187906361718,,,
818,818.0,0.000948688659754807,2.0,0.004293030390420006,,,
819,819.0,0.0009753113535442634,2.0,0.0042969906474364505,,,
820,820.0,0.0010019308897391559,2.0,0.004301069088320054,,,
821,821.0,0.0010284319157188473,2.0,0.004305266016490118,,,
822,822.0,0.0010548109398768346,2.0,0.004309581757537717,,,
823,823.0,0.0010811149262177572,2.0,0.004314016149195523,,,
824,824.0,0.0011071913921937007,2.0,0.004318569021834433,,,
825,825.0,0.0011329473358911064,2.0,0.004323240416421047,,,
826,826.0,0.0011585376683386714,2.0,0.004328029722335634,,,
827,827.0,0.001183735312166479,2.0,0.004332935931317409,,,
828,828.0,0.0012085309219128713,2.0,0.0043379587103476915,,,
829,829.0,0.0012330569022354842,2.0,0.004343096746293142,,,
830,830.0,0.001257115553087073,2.0,0.004348348686574011,,,
831,831.0,0.0012805520843855423,2.0,0.0043537137556530475,,,
832,832.0,0.0013036640150758923,2.0,0.0043591903192656154,,,
833,833.0,0.0013261217936187965,2.0,0.0043647760659349544,,,
834,834.0,0.0013479286246596423,2.0,0.004370469978900698,,,
835,835.0,0.001369212188186784,2.0,0.004376269599889969,,,
836,836.0,0.0013897688957250987,2.0,0.00438217247728159,,,
837,837.0,0.0014096701351074873,2.0,0.0043881767117837514,,,
838,838.0,0.0014289560417174686,2.0,0.004394279504022149,,,
839,839.0,0.0014473685086889908,2.0,0.0044004783577737865,,,
840,840.0,0.0014648148832939,2.0,0.0044067709438240016,,,
841,841.0,0.0014814960352179975,2.0,0.004413153784474375,,,
842,842.0,0.001497285629765536,2.0,0.004419622975904082,,,
843,843.0,0.0015122237748354471,2.0,0.004426175483577112,,,
844,844.0,0.001526188165826153,2.0,0.004432807697682929,,,
845,845.0,0.0015389868947148547,2.0,0.004439516167226207,,,
846,846.0,0.001551241494381451,2.0,0.004446296878583336,,,
847,847.0,0.0015622385838137448,2.0,0.0044531449407484505,,,
848,848.0,0.0015717047769461432,2.0,0.00446005820603302,,,
849,849.0,0.0015806804862224311,2.0,0.004467031327888546,,,
850,850.0,0.0015882429454014014,2.0,0.004474057704059853,,,
851,851.0,0.0015946267386694087,2.0,0.004481135353518087,,,
852,852.0,0.0016000048420127333,2.0,0.004488258141489575,,,
853,853.0,0.001603849168694089,2.0,0.004495420948934182,,,
854,854.0,0.0016069678519068406,2.0,0.004502619403000042,,,
855,855.0,0.0016084910028664116,2.0,0.004509846721150594,,,
856,856.0,0.0016087292225267693,2.0,0.004517099727522545,,,
857,857.0,0.0016079419794534707,2.0,0.0045243712899146575,,,
858,858.0,0.0016057736204126848,2.0,0.004531655637493713,,,
859,859.0,0.0016027611501830694,2.0,0.004538948139789955,,,
860,860.0,0.001598385652401064,2.0,0.00454624251953854,,,
861,861.0,0.0015923997163583793,2.0,0.0045535349044037434,,,
862,862.0,0.0015857804883199528,2.0,0.004560819030684118,,,
863,863.0,0.0015775876932852442,2.0,0.004568087464741107,,,
864,864.0,0.001568518024550383,2.0,0.004575337196953576,,,
865,865.0,0.0015583540522327917,2.0,0.004582560890613229,,,
866,866.0,0.0015469929347188692,2.0,0.004589754361513139,,,
867,867.0,0.0015354810752966372,2.0,0.004596912401201233,,,
868,868.0,0.0015220806771623512,2.0,0.00460402929710125,,,
869,869.0,0.0015078631859539188,2.0,0.0046111041285919925,,,
870,870.0,0.001493579965391288,2.0,0.004618127946495261,,,
871,871.0,0.0014777797900533615,2.0,0.004625096705581445,,,
872,872.0,0.0014614249957533173,2.0,0.0046320098200034986,,,
873,873.0,0.0014447533963269444,2.0,0.004638859972010926,,,
874,874.0,0.0014277886419419425,2.0,0.004645644275301026,,,
875,875.0,0.0014100470112702141,2.0,0.004652360937606233,,,
876,876.0,0.001391419463304668,2.0,0.004659008271204867,,,
877,877.0,0.0013735816931271265,2.0,0.004665582326756854,,,
878,878.0,0.0013550633442775332,2.0,0.004672078628354195,,,
879,879.0,0.0013361984416568188,2.0,0.004678500520523712,,,
880,880.0,0.001317761852691962,2.0,0.004684844483320979,,,
881,881.0,0.0012988983465155894,2.0,0.004691108550237223,,,
882,882.0,0.0012806691256838035,2.0,0.004697294389863306,,,
883,883.0,0.001262798879987489,2.0,0.004703399662843886,,,
884,884.0,0.0012442516324998125,2.0,0.004709427021103658,,,
885,885.0,0.0012264816692126946,2.0,0.004715377837613503,,,
886,886.0,0.0012091118847059354,2.0,0.004721248606542719,,,
887,887.0,0.0011918938980560049,2.0,0.0047270426845796906,,,
888,888.0,0.0011748890559521883,2.0,0.0047327616655130356,,,
889,889.0,0.0011584099911092162,2.0,0.004738405978974501,,,
890,890.0,0.0011421372732852075,2.0,0.004743976352587354,,,
891,891.0,0.0011266406678071966,2.0,0.004749475007039905,,,
892,892.0,0.0011112263209407448,2.0,0.004754902659035807,,,
893,893.0,0.0010960495753350342,2.0,0.0047602627451884625,,,
894,894.0,0.0010814629975599217,2.0,0.004765555415122579,,,
895,895.0,0.001067095152491439,2.0,0.004770781564170782,,,
896,896.0,0.001053110254350174,2.0,0.004775943779274184,,,
897,897.0,0.0010390796328922608,2.0,0.004781042886345838,,,
898,898.0,0.0010257963318149345,2.0,0.004786080504219457,,,
899,899.0,0.0010128443377310824,2.0,0.004791056208069039,,,
900,900.0,0.0009996127324619374,2.0,0.004795973377960214,,,
901,901.0,0.0009869454010765747,2.0,0.0048008334136698146,,,
902,902.0,0.0009742870264269906,2.0,0.0048056347876338215,,,
903,903.0,0.0009619808341752149,2.0,0.004810380028433522,,,
904,904.0,0.000950165630577345,2.0,0.004815069003491192,,,
905,905.0,0.0009380579046763706,2.0,0.004819703236609502,,,
906,906.0,0.0009259833811223756,2.0,0.004824284929658143,,,
907,907.0,0.0009142992748758107,2.0,0.004828812511837946,,,
908,908.0,0.0009026064098259647,2.0,0.0048332859831545115,,,
909,909.0,0.0008910681103625079,2.0,0.004837707074124311,,,
910,910.0,0.0008796766705908919,2.0,0.004842075591063972,,,
911,911.0,0.0008682380208654458,2.0,0.004846392133377735,,,
912,912.0,0.0008570338276391804,2.0,0.00485065726744347,,,
913,913.0,0.0008458315838920084,2.0,0.004854870621606391,,,
914,914.0,0.0008346940534524122,2.0,0.0048590331936904626,,,
915,915.0,0.0008237963316037863,2.0,0.004863144856319923,,,
916,916.0,0.0008127831114723513,2.0,0.004867205789230847,,,
917,917.0,0.0008017760301159537,2.0,0.004871217027726955,,,
918,918.0,0.0007910292305070025,2.0,0.004875177880316454,,,
919,919.0,0.0007803547390311514,2.0,0.004879088248703264,,,
920,920.0,0.0007696640847719091,2.0,0.0048829492772194194,,,
921,921.0,0.0007590507584721426,2.0,0.004886761197153239,,,
922,922.0,0.000748555827399931,2.0,0.00489052380971142,,,
923,923.0,0.0007384060762811024,2.0,0.004894237374910748,,,
924,924.0,0.000728480631427951,2.0,0.004897902356540094,,,
925,925.0,0.0007182154255072478,2.0,0.004901520333169158,,,
926,926.0,0.0007079353332970074,2.0,0.004905092296849601,,,
927,927.0,0.0006980500350160775,2.0,0.00490861647536042,,,
928,928.0,0.0006884489139843091,2.0,0.004912092688868115,,,
929,929.0,0.0006789245637320499,2.0,0.004915522772526591,,,
930,930.0,0.000669267118164554,2.0,0.004918908024127396,,,
931,931.0,0.0006597941663974981,2.0,0.004922248725653878,,,
932,932.0,0.0006506816069261452,2.0,0.004925544127625476,,,
933,933.0,0.0006416460459538636,2.0,0.0049287950453755,,,
934,934.0,0.0006326747633729716,2.0,0.004932003165388177,,,
935,935.0,0.0006239079198261559,2.0,0.004935168781320353,,,
936,936.0,0.0006153078177233455,2.0,0.004938292126091988,,,
937,937.0,0.000606828798208034,2.0,0.0049413741271022915,,,
938,938.0,0.0005984961698424386,2.0,0.004944415528932155,,,
939,939.0,0.0005903982302058102,2.0,0.0049474168533104506,,,
940,940.0,0.0005824877482624072,2.0,0.00495037874968959,,,
941,941.0,0.0005747100133808006,2.0,0.004953302307573956,,,
942,942.0,0.0005671199173358326,2.0,0.004956188386034229,,,
943,943.0,0.0005596622342204367,2.0,0.004959037575856845,,,
944,944.0,0.0005523443721378464,2.0,0.004961850742538358,,,
945,945.0,0.000545255421143149,2.0,0.004964628480308259,,,
946,946.0,0.0005383616899077503,2.0,0.004967371422433435,,,
947,947.0,0.0005316752521312057,2.0,0.004970080647240105,,,
948,948.0,0.0005251606368739189,2.0,0.004972757068697721,,,
949,949.0,0.0005187061760576941,2.0,0.004975401663598838,,,
950,950.0,0.0005123440419047111,2.0,0.004978015234977602,,,
951,951.0,0.0005062131928796838,2.0,0.004980598032080899,,,
952,952.0,0.0005003312689046037,2.0,0.004983150465669829,,,
953,953.0,0.0004945955250566439,2.0,0.004985673640809927,,,
954,954.0,0.00048894545264158,2.0,0.004988168753420407,,,
955,955.0,0.00048342850713275386,2.0,0.004990636489629719,,,
956,956.0,0.0004780832791686478,2.0,0.00499307723534287,,,
957,957.0,0.00047288822596247906,2.0,0.00499549161480668,,,
958,958.0,0.00046784737514849974,2.0,0.004997880446849274,,,
959,959.0,0.000462982238931553,2.0,0.0050002444446207136,,,
960,960.0,0.0004582353009186213,2.0,0.005002584343216938,,,
961,961.0,0.0004535610411963722,2.0,0.005004900987199114,,,
962,962.0,0.00044901188737843844,2.0,0.0050071949350930026,,,
963,963.0,0.00044462684599713665,2.0,0.00500946651879217,,,
964,964.0,0.0004403706432216491,2.0,0.0050117163339053975,,,
965,965.0,0.0004362091396071845,2.0,0.00501394517303283,,,
966,966.0,0.0004321511536753273,2.0,0.0050161536535687536,,,
967,967.0,0.00042821003987019774,2.0,0.005018342222975103,,,
968,968.0,0.00042437682494306895,2.0,0.005020511374056871,,,
969,969.0,0.00042064082688478104,2.0,0.005022661667821214,,,
970,970.0,0.0004170117823253042,2.0,0.005024793621408414,,,
971,971.0,0.00041349592913757384,2.0,0.005026907699386003,,,
972,972.0,0.0004100942662067672,2.0,0.005029004416303138,,,
973,973.0,0.0004067790094238191,2.0,0.005031084319172579,,,
974,974.0,0.00040350443592033835,2.0,0.005033147961148545,,,
975,975.0,0.00040028053598062553,2.0,0.0050351957565905655,,,
976,976.0,0.00039717142456617967,2.0,0.005037227890401581,,,
977,977.0,0.0003941951685966816,2.0,0.0050392445983058675,,,
978,978.0,0.00039129742234463683,2.0,0.005041246439798833,,,
979,979.0,0.0003884324798108429,2.0,0.005043234066545537,,,
980,980.0,0.00038561966556212817,2.0,0.005045207857205656,,,
981,981.0,0.0003828880732961761,2.0,0.005047167960488681,,,
982,982.0,0.00038022975423371053,2.0,0.005049114623045322,,,
983,983.0,0.0003776297801802789,2.0,0.005051048238994434,,,
984,984.0,0.0003750985785901621,2.0,0.005052969163021205,,,
985,985.0,0.00037262736514360507,2.0,0.005054877675010976,,,
986,986.0,0.0003702058057208407,2.0,0.005056774108116501,,,
987,987.0,0.0003679026856317891,2.0,0.005058658751663414,,,
988,988.0,0.00036574967354998945,2.0,0.005060531843217125,,,
989,989.0,0.00036355423891231597,2.0,0.00506239396901351,,,
990,990.0,0.0003611738721381182,2.0,0.00506424587662236,,,
991,991.0,0.0003588294238425611,2.0,0.005066087339413502,,,
992,992.0,0.0003567880013012443,2.0,0.0050679174082809975,,,
993,993.0,0.0003549353009620658,2.0,0.005069736252492103,,,
994,994.0,0.0003529465496070865,2.0,0.005071545396297155,,,
995,995.0,0.00035082685678005147,2.0,0.005073345786299716,,,
996,996.0,0.00034881465057204944,2.0,0.005075136722242285,,,
997,997.0,0.0003469316180061866,2.0,0.005076917528883677,,,
998,998.0,0.0003450871523250016,2.0,0.005078688741009867,,,
999,999.0,0.0003432755369727409,2.0,0.005080451004404581,,,
1000,1000.0,0.0003414861555318326,2.0,0.005082204505329538,,,
1001,1001.0,0.0003397058046847644,2.0,0.005083949401300161,,,
1002,1002.0,0.00033797302921568243,2.0,0.005085685796113524,,,
1003,1003.0,0.000336311745587703,2.0,0.005087413726593273,,,
1004,1004.0,0.00033472533769045645,2.0,0.005089133425827303,,,
1005,1005.0,0.000333212247993595,2.0,0.005090845249026396,,,
1006,1006.0,0.00033170002272065423,2.0,0.0050925495691610725,,,
1007,1007.0,0.00033010995631181547,2.0,0.005094246751812055,,,
1008,1008.0,0.00032849378594568165,2.0,0.00509593679386887,,,
1009,1009.0,0.0003269496430574479,2.0,0.005097619291045796,,,
1010,1010.0,0.00032548070039790163,2.0,0.005099294102388581,,,
1011,1011.0,0.0003240500166544614,2.0,0.005100961587367011,,,
1012,1012.0,0.0003226535849591723,2.0,0.005102622122153183,,,
1013,1013.0,0.0003212743073162705,2.0,0.005104275894889389,,,
1014,1014.0,0.00031988768009371906,2.0,0.005105923073539544,,,
1015,1015.0,0.0003185139408073708,2.0,0.005107563738990034,,,
1016,1016.0,0.00031718172863929813,2.0,0.005109197847070952,,,
1017,1017.0,0.0003158871410427503,2.0,0.005110825457019816,,,
1018,1018.0,0.00031461897848871823,2.0,0.005112446774599204,,,
1019,1019.0,0.00031337298927989777,2.0,0.005114061985906806,,,
1020,1020.0,0.00031213930934057986,2.0,0.0051156712200125356,,,
1021,1021.0,0.0003109124148838923,2.0,0.005117274584420473,,,
1022,1022.0,0.0003097037677033694,2.0,0.005118872136304331,,,
1023,1023.0,0.00030852531982616585,2.0,0.005120463904651981,,,
1024,1024.0,0.0003073732149885951,2.0,0.005122049977221967,,,
1025,1025.0,0.00030623768114425564,2.0,0.005123630503145488,,,
1026,1026.0,0.0003051162360454227,2.0,0.005125205611998789,,,
1027,1027.0,0.00030401048137367753,2.0,0.005126775383442379,,,
1028,1028.0,0.00030292074804628353,2.0,0.005128339884527766,,,
1029,1029.0,0.00030184799091085375,2.0,0.005129899190627408,,,
1030,1030.0,0.0003007936420166644,2.0,0.005131453378925576,,,
1031,1031.0,0.000299756995214286,2.0,0.005133002531622772,,,
1032,1032.0,0.0002987355894740435,2.0,0.005134546738392529,,,
1033,1033.0,0.00029772753963006147,2.0,0.005136086085409635,,,
1034,1034.0,0.00029673296108593557,2.0,0.005137620646327929,,,
1035,1035.0,0.0002957539934734587,2.0,0.005139150485220098,,,
1036,1036.0,0.00029479178495438933,2.0,0.005140675666846874,,,
1037,1037.0,0.00029384377799590225,2.0,0.005142196267066289,,,
1038,1038.0,0.00029290719054659436,2.0,0.005143712367749457,,,
1039,1039.0,0.0002919831695794384,2.0,0.005145224037721928,,,
1040,1040.0,0.00029107404026658553,2.0,0.005146731331588156,,,
1041,1041.0,0.0002901787486809602,2.0,0.005148234309937518,,,
1042,1042.0,0.00028929498746341084,2.0,0.005149733045419847,,,
1043,1043.0,0.0002884227603847601,2.0,0.005151227605355774,,,
1044,1044.0,0.00028756292769388324,2.0,0.005152718045269684,,,
1045,1045.0,0.00028671476038102435,2.0,0.00515420442078405,,,
1046,1046.0,0.0002858773690616763,2.0,0.005155686792034732,,,
1047,1047.0,0.00028505105514849285,2.0,0.005157165215480822,,,
1048,1048.0,0.000284236174946137,2.0,0.005158639743071474,,,
1049,1049.0,0.0002834322489864536,2.0,0.005160110428383567,,,
1050,1050.0,0.0002826386725815866,2.0,0.005161577326906843,,,
1051,1051.0,0.0002818549607459785,2.0,0.005163040491730974,,,
1052,1052.0,0.00028108055561963115,2.0,0.005164499972894952,,,
1053,1053.0,0.00028031494879434164,2.0,0.005165955818000667,,,
1054,1054.0,0.00027955803551445006,2.0,0.005167408071832454,,,
1055,1055.0,0.0002788094534814011,2.0,0.005168856776608312,,,
1056,1056.0,0.00027806883173006245,2.0,0.005170301974062917,,,
1057,1057.0,0.00027733544247461996,2.0,0.005171743704114623,,,
1058,1058.0,0.0002766088377515635,2.0,0.005173182004817731,,,
1059,1059.0,0.0002758880513962967,2.0,0.005174616910513142,,,
1060,1060.0,0.0002751729666278648,2.0,0.005176048453271258,,,
1061,1061.0,0.00027446416745254996,2.0,0.005177476660205578,,,
1062,1062.0,0.00027376490872939806,2.0,0.005178901557864471,,,
1063,1063.0,0.00027308070969683026,2.0,0.005180323175860469,,,
1064,1064.0,0.000272420412450027,2.0,0.005181741560713897,,,
1065,1065.0,0.00027179103242081534,2.0,0.0051831567876123455,,,
1066,1066.0,0.000271189607813298,2.0,0.00518456897767692,,,
1067,1067.0,0.0002705948799193362,2.0,0.0051859782885510484,,,
1068,1068.0,0.0002699737864361388,2.0,0.005187384862693394,,,
1069,1069.0,0.0002693086907564066,2.0,0.0051887887324173895,,,
1070,1070.0,0.0002686144286330758,2.0,0.005190189758478653,,,
1071,1071.0,0.0002679260760216382,2.0,0.005191587709927523,,,
1072,1072.0,0.00026727046103101567,2.0,0.005192982432615243,,,
1073,1073.0,0.0002666518822840288,2.0,0.005194373954433753,,,
1074,1074.0,0.00026605615123138817,2.0,0.005195762442706272,,,
1075,1075.0,0.00026546296861442684,2.0,0.005197148087283888,,,
1076,1076.0,0.00026485835150280975,2.0,0.005198531004468182,,,
1077,1077.0,0.0002642405905881547,2.0,0.005199911205137146,,,
1078,1078.0,0.0002636177056345163,2.0,0.005201288627457802,,,
1079,1079.0,0.00026299971129301096,2.0,0.005202663200645556,,,
1080,1080.0,0.0002623930623962255,2.0,0.005204034895583236,,,
1081,1081.0,0.0002617962007608964,2.0,0.005205403735260553,,,
1082,1082.0,0.00026119898601834583,2.0,0.0052067697763075035,,,
1083,1083.0,0.0002605923692787266,2.0,0.005208133067305379,,,
1084,1084.0,0.00025997897667560634,2.0,0.005209493604067019,,,
1085,1085.0,0.00025936961879919387,2.0,0.005210851335255239,,,
1086,1086.0,0.0002587715811492625,2.0,0.005212206223174175,,,
1087,1087.0,0.0002581816004630874,2.0,0.005213558286457452,,,
1088,1088.0,0.00025758806352218106,2.0,0.005214907581758291,,,
1089,1089.0,0.00025698183359941984,2.0,0.00521625414877343,,,
1090,1090.0,0.00025636602446228474,2.0,0.005217597966654175,,,
1091,1091.0,0.00025575131592820994,2.0,0.0052189389668529755,,,
1092,1092.0,0.0002551438167715569,2.0,0.005220277097013374,,,
1093,1093.0,0.00025454068340310644,2.0,0.005221612360498141,,,
1094,1094.0,0.0002539346532885984,2.0,0.005222944792586405,,,
1095,1095.0,0.000253321107935556,2.0,0.0052242744137446255,,,
1096,1096.0,0.0002527009044726411,2.0,0.005225601206515895,,,
1097,1097.0,0.00025207693266717386,2.0,0.005226925129291952,,,
1098,1098.0,0.0002514505481026636,2.0,0.005228246144910655,,,
1099,1099.0,0.0002508212309480667,2.0,0.005229564231291679,,,
1100,1100.0,0.0002501877898390147,2.0,0.0052308793734305815,,,
1101,1101.0,0.0002495489795022808,2.0,0.005232191553595288,,,
1102,1102.0,0.000248903030446188,2.0,0.0052335007478083,,,
1103,1103.0,0.0002482482301504305,2.0,0.005234806925556802,,,
1104,1104.0,0.00024758435969247217,2.0,0.005236110047039817,,,
1105,1105.0,0.00024691299633521687,2.0,0.005237410063455255,,,
1106,1106.0,0.000246236130277016,2.0,0.0052387069248135566,,,
1107,1107.0,0.00024555444304368945,2.0,0.005240000589348578,,,
1108,1108.0,0.0002448670515279492,2.0,0.005241291025692374,,,
1109,1109.0,0.0002441725356428926,2.0,0.005242578206027443,,,
1110,1110.0,0.00024346977990806517,2.0,0.0052438620978865645,,,
1111,1111.0,0.000242758116983074,2.0,0.005245142661330779,,,
1112,1112.0,0.00024203709842320764,2.0,0.005246419850538607,,,
1113,1113.0,0.00024130656561339376,2.0,0.005247693616150897,,,
1114,1114.0,0.0002405668477408531,2.0,0.005248963906415849,,,
1115,1115.0,0.00023981842599112802,2.0,0.005250230668708164,,,
1116,1116.0,0.00023906123251211573,2.0,0.00525149385209007,,,
1117,1117.0,0.00023829431446123096,2.0,0.0052527534081121515,,,
1118,1118.0,0.00023751636551340015,2.0,0.005254009287932066,,,
1119,1119.0,0.00023672664033311497,2.0,0.0052552614376635874,,,
1120,1120.0,0.00023592529769112856,2.0,0.005256509796512912,,,
1121,1121.0,0.0002351128941207461,2.0,0.005257754299720451,,,
1122,1122.0,0.00023428967203285427,2.0,0.0052589948833113255,,,
1123,1123.0,0.0002334553007666927,2.0,0.005260231486189148,,,
1124,1124.0,0.0002326092081383002,2.0,0.005261464048487172,,,
1125,1125.0,0.0002317509760414821,2.0,0.005262692508554342,,,
1126,1126.0,0.00023088041230133333,2.0,0.00526391680168236,,,
1127,1127.0,0.00022999737024477967,2.0,0.00526513686091391,,,
1128,1128.0,0.00022910161548135672,2.0,0.005266352618230456,,,
1129,1129.0,0.00022819289350692695,2.0,0.005267564004791292,,,
1130,1130.0,0.0002272710838616095,2.0,0.005268770950471044,,,
1131,1131.0,0.00022633621380334083,2.0,0.005269973383752822,,,
1132,1132.0,0.00022538835693844216,2.0,0.005271171232433853,,,
1133,1133.0,0.00022442747398042769,2.0,0.005272364424404188,,,
1134,1134.0,0.00022345336938261342,2.0,0.005273552887891901,,,
1135,1135.0,0.0002224656913140044,2.0,0.005274736550868679,,,
1136,1136.0,0.00022146399499026287,2.0,0.005275915340225803,,,
1137,1137.0,0.00022044778431354537,2.0,0.005277089180948925,,,
1138,1138.0,0.0002194166450334045,2.0,0.005278257995626041,,,
1139,1139.0,0.00021837033683199254,2.0,0.005279421704174698,,,
1140,1140.0,0.00021730883022472153,2.0,0.005280580224272041,,,
1141,1141.0,0.00021623219502508764,2.0,0.005281733472271861,,,
1142,1142.0,0.00021514049962251058,2.0,0.005282881364317818,,,
1143,1143.0,0.00021403380207812004,2.0,0.005284023816868793,,,
1144,1144.0,0.00021291236327367164,2.0,0.005285160746692596,,,
1145,1145.0,0.00021177698340886717,2.0,0.005286292070812606,,,
1146,1146.0,0.00021062946137118506,2.0,0.00528741770758135,,,
1147,1147.0,0.0002094727475332311,2.0,0.0052885375795350366,,,
1148,1148.0,0.0002083104998550421,2.0,0.005289651618681588,,,
1149,1149.0,0.00020714531208274707,2.0,0.00529075977260367,,,
1150,1150.0,0.0002059762685965191,2.0,0.00529186200822014,,,
1151,1151.0,0.0002047971381675525,2.0,0.005292958306173823,,,
1152,1152.0,0.00020359781955861698,2.0,0.0052940486422672454,,,
1153,1153.0,0.00020236879090819828,2.0,0.005295132959311015,,,
1154,1154.0,0.00020110632278229774,2.0,0.005296211146594094,,,
1155,1155.0,0.00019981448599621753,2.0,0.005297283042899404,,,
1156,1156.0,0.0001985029944085223,2.0,0.005298348467144675,,,
1157,1157.0,0.0001971822767203119,2.0,0.005299407259701312,,,
1158,1158.0,0.00019585937047899774,2.0,0.005300459312328751,,,
1159,1159.0,0.00019453626982739435,2.0,0.005301504572016962,,,
1160,1160.0,0.000193210369422412,2.0,0.005302543023060212,,,
1161,1161.0,0.0001918757348349736,2.0,0.0053035746603459525,,,
1162,1162.0,0.00019052527700517274,2.0,0.005304599464966777,,,
1163,1163.0,0.00018915413714154657,2.0,0.005305617386544348,,,
1164,1164.0,0.0001877628514956035,2.0,0.005306628337072418,,,
1165,1165.0,0.00018635770029910346,2.0,0.0053076322027193175,,,
1166,1166.0,0.00018494722709042408,2.0,0.005308628872445165,,,
1167,1167.0,0.0001835371609886983,2.0,0.005309618268504362,,,
1168,1168.0,0.00018212685646896588,2.0,0.005310600358497441,,,
1169,1169.0,0.00018071004700943792,2.0,0.005311575140464743,,,
1170,1170.0,0.00017927908392559023,2.0,0.0053125426090489805,,,
1171,1171.0,0.0001778290728671383,2.0,0.005313502725624957,,,
1172,1172.0,0.00017635845568164196,2.0,0.005314455410924317,,,
1173,1173.0,0.0001748674898112135,2.0,0.0053154005596402955,,,
1174,1174.0,0.0001733582963590965,2.0,0.005316338058142217,,,
1175,1175.0,0.0001718364608974132,2.0,0.005317267794123731,,,
1176,1176.0,0.00017031025597343924,2.0,0.005318189666516919,,,
1177,1177.0,0.00016878618337809754,2.0,0.00531910360393148,,,
1178,1178.0,0.00016726496507102798,2.0,0.0053200095789762356,,,
1179,1179.0,0.00016574196003082443,2.0,0.0053209075988752816,,,
1180,1180.0,0.00016421119972406947,2.0,0.005321797674738208,,,
1181,1181.0,0.00016266910114120646,2.0,0.0053226797930177126,,,
1182,1182.0,0.00016111541365886918,2.0,0.005323553908422041,,,
1183,1183.0,0.0001595517119499935,2.0,0.005324419956590839,,,
1184,1184.0,0.00015797972696446515,2.0,0.005325277871826323,,,
1185,1185.0,0.00015640091087709205,2.0,0.00532612759681492,,,
1186,1186.0,0.0001548167764627625,2.0,0.005326969083467359,,,
1187,1187.0,0.00015322893048343056,2.0,0.00532780229144147,,,
1188,1188.0,0.00015163854840361592,2.0,0.005328627188471812,,,
1189,1189.0,0.00015004585300847098,2.0,0.005329443750877338,,,
1190,1190.0,0.00014845018121497784,2.0,0.005330251961269445,,,
1191,1191.0,0.00014685065479638968,2.0,0.005331051803478227,,,
1192,1192.0,0.000145246910322121,2.0,0.005331843257830291,,,
1193,1193.0,0.0001436394010127435,2.0,0.005332626299999103,,,
1194,1194.0,0.00014202910636766804,2.0,0.005333400903747481,,,
1195,1195.0,0.00014041700320052182,2.0,0.0053341670452827115,,,
1196,1196.0,0.00013880371117162547,2.0,0.005334924706066311,,,
1197,1197.0,0.00013718953164048483,2.0,0.005335673872803711,,,
1198,1198.0,0.0001355746829577095,2.0,0.005336414535542226,,,
1199,1199.0,0.00013395945805818875,2.0,0.005337146685974684,,,
1200,1200.0,0.00013234420108095696,2.0,0.005337870316997557,,,
1201,1201.0,0.00013072925752248562,2.0,0.005338585423110021,,,
1202,1202.0,0.00012911499197273084,2.0,0.005339292000688467,,,
1203,1203.0,0.00012750182689263352,2.0,0.005339990047995016,,,
1204,1204.0,0.00012589023641532533,2.0,0.005340679565280707,,,
1205,1205.0,0.00012428068833111695,2.0,0.005341360555095851,,,
1206,1206.0,0.00012267360473267226,2.0,0.005342033022567456,,,
1207,1207.0,0.00012106936739164689,2.0,0.005342696975366844,,,
1208,1208.0,0.00011946834466678386,2.0,0.005343352423466897,,,
1209,1209.0,0.00011787090600663371,2.0,0.005343999378927801,,,
1210,1210.0,0.00011627742556026445,2.0,0.005344637855826391,,,
1211,1211.0,0.0001146882791714494,2.0,0.005345267870262921,,,
1212,1212.0,0.00011310384758041726,2.0,0.005345889440387092,,,
1213,1213.0,0.00011152452319265803,2.0,0.005346502586407982,,,
1214,1214.0,0.0001099507270861135,2.0,0.005347107330621052,,,
1215,1215.0,0.00010838291643587378,2.0,0.005347703697471323,,,
1216,1216.0,0.0001068215684490963,2.0,0.005348291713707508,,,
1217,1217.0,0.00010526710072995528,2.0,0.0053488714085758995,,,
1218,1218.0,0.00010371976073344477,2.0,0.005349442813928404,,,
1219,1219.0,0.00010217954178369619,2.0,0.00535000596390453,,,
1220,1220.0,0.00010064628447473808,2.0,0.005350560894021638,,,
1221,1221.0,9.91199430049822e-05,2.0,0.005351107639815192,,,
1222,1222.0,9.760083998116991e-05,2.0,0.005351646236020817,,,
1223,1223.0,9.608964778169774e-05,2.0,0.005352176717181346,,,
1224,1224.0,9.458713152338213e-05,2.0,0.005352699119618129,,,
1225,1225.0,9.309387759612256e-05,2.0,0.005353213483303727,,,
1226,1226.0,9.16101826547997e-05,2.0,0.005353719852359543,,,
1227,1227.0,9.013606780627057e-05,2.0,0.005354218274100169,,,
1228,1228.0,8.867134516128575e-05,2.0,0.005354708797482701,,,
1229,1229.0,8.721570325911724e-05,2.0,0.005355191471631129,,,
1230,1230.0,8.57688404306761e-05,2.0,0.005355666344716332,,,
1231,1231.0,8.433062381395136e-05,2.0,0.005356133463293045,,,
1232,1232.0,8.290126113542227e-05,2.0,0.005356592872350875,,,
1233,1233.0,8.148146045739181e-05,2.0,0.005357044616217239,,,
1234,1234.0,8.007265768791196e-05,2.0,0.0053574887403811085,,,
1235,1235.0,7.867724145208161e-05,2.0,0.005357925294173579,,,
1236,1236.0,7.729865939225085e-05,2.0,0.005358354334668783,,,
1237,1237.0,7.594103980666045e-05,2.0,0.005358775931791607,,,
1238,1238.0,7.460828300432314e-05,2.0,0.005359190173997302,,,
1239,1239.0,7.330233782510673e-05,2.0,0.0053595971719255595,,,
1240,1240.0,7.202075571677913e-05,2.0,0.005359997057185528,,,
1241,1241.0,7.075397620518179e-05,2.0,0.005360389971901339,,,
1242,1242.0,6.948620489013497e-05,2.0,0.005360776045140695,,,
1243,1243.0,6.820256512990092e-05,2.0,0.005361155354780267,,,
1244,1244.0,6.690008468580463e-05,2.0,0.005361527894062868,,,
1245,1245.0,6.559150088150499e-05,2.0,0.005361893576488498,,,
1246,1246.0,6.429840590591206e-05,2.0,0.005362252299622145,,,
1247,1247.0,6.303851568221414e-05,2.0,0.005362604029333823,,,
1248,1248.0,6.18184721156188e-05,2.0,0.0053629488473100366,,,
1249,1249.0,6.0632727162587785e-05,2.0,0.005363286930301176,,,
1250,1250.0,5.9467955883003554e-05,2.0,0.005363618490753005,,,
1251,1251.0,5.8309672671667405e-05,2.0,0.005363943711429067,,,
1252,1252.0,5.7150643661963776e-05,2.0,0.005364262703681966,,,
1253,1253.0,5.599744948523293e-05,2.0,0.005364575501203903,,,
1254,1254.0,5.4866877535628445e-05,2.0,0.005364882098907898,,,
1255,1255.0,5.377278581258231e-05,2.0,0.00536518252703383,,,
1256,1256.0,5.270789500192081e-05,2.0,0.0053654769059223225,,,
1257,1257.0,5.164482633838269e-05,2.0,0.005365765430320147,,,
1258,1258.0,5.056119800437811e-05,2.0,0.005366048255974626,,,
1259,1259.0,4.9463566364767846e-05,2.0,0.005366325391761244,,,
1260,1260.0,4.838040146889747e-05,2.0,0.0053665967264614365,,,
1261,1261.0,4.7335500814634155e-05,2.0,0.005366862184040008,,,
1262,1262.0,4.6332926495308306e-05,2.0,0.005367121841268261,,,
1263,1263.0,4.535760805582206e-05,2.0,0.005367375902681612,,,
1264,1264.0,4.438633516190187e-05,2.0,0.005367624594676098,,,
1265,1265.0,4.3405231435265485e-05,2.0,0.00536786806281022,,,
1266,1266.0,4.242215387915195e-05,2.0,0.005368106328089022,,,
1267,1267.0,4.145887147191584e-05,2.0,0.005368339337043466,,,
1268,1268.0,4.0531439889993926e-05,2.0,0.005368567078391537,,,
1269,1269.0,3.963849591877027e-05,2.0,0.005368789657737972,,,
1270,1270.0,3.876448060776278e-05,2.0,0.005369007266923274,,,
1271,1271.0,3.789246356957939e-05,2.0,0.005369220090513915,,,
1272,1272.0,3.701644850623439e-05,2.0,0.005369428229576194,,,
1273,1273.0,3.61443223057289e-05,2.0,0.005369631694294662,,,
1274,1274.0,3.528943363126731e-05,2.0,0.005369830462668621,,,
1275,1275.0,3.4459966960779103e-05,2.0,0.00537002455505926,,,
1276,1276.0,3.365440223739416e-05,2.0,0.005370214063528217,,,
1277,1277.0,3.2864952172825424e-05,2.0,0.00537039912411601,,,
1278,1278.0,3.208434332453256e-05,2.0,0.005370579864729667,,,
1279,1279.0,3.1310858759422294e-05,2.0,0.005370756371480504,,,
1280,1280.0,3.05480490372132e-05,2.0,0.005370928691436226,,,
1281,1281.0,2.980068631019149e-05,2.0,0.00537109686245868,,,
1282,1282.0,2.9070952532430727e-05,2.0,0.005371260941495165,,,
1283,1283.0,2.8357675226759173e-05,2.0,0.005371421011142665,,,
1284,1284.0,2.765821312957709e-05,2.0,0.005371577165737693,,,
1285,1285.0,2.697092088849809e-05,2.0,0.005371729493338243,,,
1286,1286.0,2.6295819892803147e-05,2.0,0.005371878067832097,,,
1287,1287.0,2.563358531701388e-05,2.0,0.0053720229542843475,,,
1288,1288.0,2.4983700850305414e-05,2.0,0.0053721642178897345,,,
1289,1289.0,2.4344360448274526e-05,2.0,0.005372301927484546,,,
1290,1290.0,2.3713663026741967e-05,2.0,0.005372436149145457,,,
1291,1291.0,2.3091276595246893e-05,2.0,0.005372566939259558,,,
1292,1292.0,2.247924687757865e-05,2.0,0.005372694344012161,,,
1293,1293.0,2.1882041554907598e-05,2.0,0.005372818407815716,,,
1294,1294.0,2.130577912612889e-05,2.0,0.005372939186084636,,,
1295,1295.0,2.0756623500511447e-05,2.0,0.005373056758249537,,,
1296,1296.0,2.0236934300781615e-05,2.0,0.005373171236629586,,,
1297,1297.0,1.974168994931746e-05,2.0,0.005373282766679442,,,
1298,1298.0,1.925726121873359e-05,2.0,0.005373391506550052,,,
1299,1299.0,1.876739169389103e-05,2.0,0.005373497587426258,,,
1300,1300.0,1.8261982823309855e-05,2.0,0.005373601067269327,,,
1301,1301.0,1.774268379188541e-05,2.0,0.005373701916691703,,,
1302,1302.0,1.7221337356606677e-05,2.0,0.0053738000520398765,,,
1303,1303.0,1.671411407546817e-05,2.0,0.005373895398520812,,,
1304,1304.0,1.6234652391087544e-05,2.0,0.005373987944983276,,,
1305,1305.0,1.578855641027143e-05,2.0,0.005374077767181478,,,
1306,1306.0,1.5371309779651237e-05,2.0,0.005374165014174163,,,
1307,1307.0,1.4970514497937439e-05,2.0,0.0053742498651514845,,,
1308,1308.0,1.4571818788502074e-05,2.0,0.005374332475045906,,,
1309,1309.0,1.4165915601843423e-05,2.0,0.005374412932170383,,,
1310,1310.0,1.3752833174683615e-05,2.0,0.005374491247712325,,,
1311,1311.0,1.3340864504265445e-05,2.0,0.005374567382841005,,,
1312,1312.0,1.294100972564449e-05,2.0,0.0053746412988778846,,,
1313,1313.0,1.2560971420186085e-05,2.0,0.005374713001717501,,,
1314,1314.0,1.2202070243398054e-05,2.0,0.005374782556380782,,,
1315,1315.0,1.1859880770393755e-05,2.0,0.005374850069294877,,,
1316,1316.0,1.152729757890543e-05,2.0,0.0053749156539931045,,,
1317,1317.0,1.1198354191618612e-05,2.0,0.005374979400229923,,,
1318,1318.0,1.0870719844819861e-05,2.0,0.005375041359574062,,,
1319,1319.0,1.054585966800769e-05,2.0,0.0053751015515280266,,,
1320,1320.0,1.0227181969304007e-05,2.0,0.005375159983068727,,,
1321,1321.0,9.917931885170584e-06,2.0,0.005375216669050503,,,
1322,1322.0,9.619751497348802e-06,2.0,0.005375271642650614,,,
1323,1323.0,9.332591879966642e-06,2.0,0.005375324954493002,,,
1324,1324.0,9.055199660187054e-06,2.0,0.005375376664031998,,,
1325,1325.0,8.786115690435258e-06,2.0,0.005375426830462696,,,
1326,1326.0,8.523942102158455e-06,2.0,0.005375475506246289,,,
1327,1327.0,8.267600670445172e-06,2.0,0.005375522736003461,,,
1328,1328.0,-6.539785540965658e-09,2.0,0.005375568556843319,,,
1329,1329.0,-2.81573686433763e-07,3.0,0.005375613000081243,,,
1330,1330.0,8.088825827420795e-06,3.0,0.005375612964925887,,,
1331,1331.0,7.770521923054598e-06,3.0,0.00537561145129494,,,
1332,1332.0,7.613480447461716e-06,3.0,0.005375654933855547,,,
1333,1333.0,7.261118163525757e-06,3.0,0.005375696705662356,,,
1334,1334.0,7.048924635670426e-06,3.0,0.005375737633579918,,,
1335,1335.0,0.00021144857426312526,3.0,0.005375776667587807,,,
1336,1336.0,0.0,3.0,0.005375814561165949,,,
1337,1337.0,0.0,3.0,0.005376951389680795,,,
1338,1338.0,0.0,3.0,0.005376951389680795,,,
1339,1339.0,0.0,3.0,0.005376951389680795,,,
1340,1340.0,0.0,3.0,0.005376951389680795,,,
