Epochs,N_modes,Loss
548,1,1.9470585975795999e-03
549,1,1.9470942206680801e-03
550,1,1.9471293780952701e-03
551,1,1.9471641862765e-03
552,1,1.94719841238111e-03
553,1,1.9472322892397601e-03
554,1,1.9472657004371301e-03
555,1,1.94729876238853e-03
556,1,1.94733135867864e-03
557,1,1.94736360572278e-03
558,1,1.9473953871056401e-03
559,1,1.9474269356578599e-03
560,1,1.94745790213346e-03
561,1,1.9474886357784299e-03
562,1,1.9475189037621e-03
563,1,1.9475488224998099e-03
564,1,1.94757839199156e-03
565,1,1.9476076122373299e-03
566,1,1.9476363668218301e-03
567,1,1.9476648885756701e-03
568,1,1.94769306108356e-03
569,1,1.94772076793015e-03
570,1,1.9477482419461001e-03
571,1,1.9477753667160899e-03
572,1,1.94780202582479e-03
573,1,1.9478284521028399e-03
574,1,1.94785441271961e-03
575,1,1.9478800240904099e-03
576,1,1.9479052862152501e-03
577,1,1.94793031550944e-03
578,1,1.94795511197299e-03
579,1,1.94797990843654e-03
580,1,1.9480044720694401e-03
581,1,1.9480288028717e-03
582,1,1.94805243518203e-03
583,1,1.94807525258511e-03
584,1,1.94809748791158e-03
585,1,1.94811902474612e-03
586,1,1.9481402123346901e-03
587,1,1.94816139992326e-03
588,1,1.94818328600377e-03
589,1,1.94820610340685e-03
590,1,1.94822915364057e-03
591,1,1.94825103972107e-03
592,1,1.9482711795717499e-03
593,1,1.94829085376114e-03
594,1,1.9483114592730999e-03
595,1,1.94833322893828e-03
596,1,1.94835488218814e-03
597,1,1.9483745563775301e-03
598,1,1.9483927171677401e-03
599,1,1.9484108779579401e-03
600,1,1.9484305521473299e-03
601,1,1.9484512740746099e-03
602,1,1.9484714139252901e-03
603,1,1.9484901567920999e-03
604,1,1.9485077355056999e-03
605,1,1.94852519780397e-03
606,1,1.94854335859418e-03
607,1,1.94856175221503e-03
608,1,1.9485797965899099e-03
609,2,1.9485967932269001e-03
610,2,1.9486702512949701e-03
611,2,1.94874475710094e-03
612,2,1.9488350953906801e-03
613,2,1.9489279948174999e-03
614,2,1.9490233389660701e-03
615,2,1.9491207785904401e-03
616,2,1.9492201972752801e-03
617,2,1.9493221770972e-03
618,2,1.9494279986247401e-03
619,2,1.9495377782732201e-03
620,2,1.9496516324579701e-03
621,2,1.9497695611789801e-03
622,2,1.94989226292819e-03
623,2,1.95002043619752e-03
624,2,1.9501543138176201e-03
625,2,1.95029401220381e-03
626,2,1.95043988060206e-03
627,2,1.9505921518430101e-03
628,2,1.9507510587573099e-03
629,2,1.9509170670062299e-03
630,2,1.95109040942043e-03
631,2,1.95127108599991e-03
632,2,1.9514592131599799e-03
633,2,1.95165502373129e-03
634,2,1.95185909979045e-03
635,2,1.9520716741681099e-03
636,2,1.9522929796949001e-03
637,2,1.9525230163708301e-03
638,2,1.9527622498571901e-03
639,2,1.9530107965692899e-03
640,2,1.9532688893377798e-03
641,2,1.9535368774086198e-03
642,2,1.9538148771971499e-03
643,2,1.9541026558727e-03
644,2,1.9544009119272202e-03
645,2,1.9547094125300598e-03
646,2,1.95502839051187e-03
647,2,1.9553580787032799e-03
648,2,1.9556984771043101e-03
649,2,1.9560495857149402e-03
650,2,1.9564118701964599e-03
651,2,1.9567848648875999e-03
652,2,1.9571690354496202e-03
653,2,1.9575643818825501e-03
654,2,1.9579709041863702e-03
655,2,1.9583883695304398e-03
656,2,1.9588172435760498e-03
657,2,1.95925729349256e-03
658,2,1.9597085192799599e-03
659,2,1.9601706881076102e-03
660,2,1.9606442656368e-03
661,2,1.9611287862062502e-03
662,2,1.9616244826465802e-03
663,2,1.9621311221271801e-03
664,2,1.9626484718173699e-03
665,2,1.9631769973784698e-03
666,2,1.9637160003185298e-03
667,2,1.9642657134681901e-03
668,2,1.9648261368274702e-03
669,2,1.9653968047350602e-03
670,2,1.96597771719098e-03
671,2,1.9665686413645701e-03
672,2,1.9671693444252001e-03
673,2,1.9677795935422199e-03
674,2,1.96839938871562e-03
675,2,1.96902826428413e-03
676,2,1.9696657545864599e-03
677,2,1.9703118596225999e-03
678,2,1.9709684420376999e-03
679,2,1.9716382957994899e-03
680,2,1.9723225850611899e-03
681,2,1.9730147905647798e-03
682,2,1.9737093243747902e-03
683,2,1.9744085147976901e-03
684,2,1.9751195795834099e-03
685,2,1.9758434500545298e-03
686,2,1.9765733741223799e-03
687,2,1.97730679064989e-03
688,2,1.9780478905886399e-03
689,2,1.97879923507571e-03
690,2,1.9795568659901602e-03
691,2,1.9803184550255498e-03
692,2,1.98108539916575e-03
693,2,1.9818595610559e-03
694,2,1.9826388452202099e-03
695,2,1.9834211561828899e-03
696,2,1.9842074252665e-03
697,2,1.9849985837936401e-03
698,2,1.9857941661030102e-03
699,2,1.9865932408720298e-03
700,2,1.9873951096087699e-03
701,2,1.9881986081600198e-03
702,2,1.9890032708644902e-03
703,2,1.98980886489153e-03
704,2,1.9906163215637198e-03
705,2,1.9914237782359102e-03
706,2,1.99223007075489e-03
707,2,1.9930356647819298e-03
708,2,1.9938421901315498e-03
709,2,1.9946489483118101e-03
710,2,1.9954550080001402e-03
711,2,1.99625827372074e-03
712,2,1.9970580469816901e-03
713,2,1.9978547934442802e-03
714,2,1.9986485131084902e-03
715,2,1.9994385074824099e-03
716,2,2.0002250093966701e-03
717,2,2.0010075531899899e-03
718,2,2.0017866045236601e-03
719,2,2.0025614649057401e-03
720,2,2.0033316686749502e-03
721,2,2.0040960516780602e-03
722,2,2.0048548467457299e-03
723,2,2.00560782104731e-03
724,2,2.0063547417521498e-03
725,2,2.0070958416909001e-03
726,2,2.00783065520227e-03
727,2,2.0085589494556202e-03
728,2,2.0092800259590101e-03
729,2,2.0099943503737402e-03
730,2,2.01070262119174e-03
731,2,2.01140413992107e-03
732,2,2.0120982080698e-03
733,2,2.0127855241298702e-03
734,2,2.0134681835770598e-03
735,2,2.0141464192420201e-03
736,2,2.0148148760199499e-03
737,2,2.0154712256044102e-03
738,2,2.01611896045506e-03
739,2,2.0167627371847599e-03
740,2,2.0174023229628801e-03
741,2,2.0180307328701002e-03
742,2,2.0186465699225699e-03
743,2,2.01926007866859e-03
744,2,2.0198752172291301e-03
745,2,2.0204822067171301e-03
746,2,2.0210749935358802e-03
747,2,2.0216573029756498e-03
748,2,2.0222351886332e-03
749,2,2.02280934900045e-03
750,2,2.0233762916177498e-03
751,2,2.0239339210093e-03
752,2,2.0244831684976799e-03
753,2,2.02502636238933e-03
754,2,2.0255646668374499e-03
755,2,2.02609621919692e-03
756,2,2.0266203209757801e-03
757,2,2.0271376706659798e-03
758,2,2.0276496652513699e-03
759,2,2.0281556062400302e-03
760,2,2.0286557264626e-03
761,2,2.02914979308844e-03
762,2,2.0296359434723902e-03
763,2,2.0301146432757399e-03
764,2,2.0305886864662201e-03
765,2,2.0310583058744699e-03
766,2,2.0315232686698402e-03
767,2,2.0319831091910601e-03
768,2,2.0324387587606898e-03
769,2,2.0328904502093801e-03
770,2,2.0333367865532602e-03
771,2,2.0337766036391302e-03
772,2,2.0342105999589001e-03
773,2,2.0346392411738599e-03
774,2,2.0350632257759601e-03
775,2,2.0354830194264698e-03
776,2,2.03589885495603e-03
777,2,2.0363107323646502e-03
778,2,2.0367184188216899e-03
779,2,2.0371219143271399e-03
780,2,2.0375207532197198e-03
781,2,2.0379151683300699e-03
782,2,2.0383051596581901e-03
783,2,2.0386909600347298e-03
784,2,2.0390735007822501e-03
785,2,2.0394530147314102e-03
786,2,2.0398292690515501e-03
787,2,2.04020156525075e-03
788,2,2.0405696704983698e-03
789,2,2.0409340504556899e-03
790,2,2.0412949379533499e-03
791,2,2.04165256582201e-03
792,2,2.0420067012310002e-03
793,2,2.0423573441803499e-03
794,2,2.0427042618393898e-03
795,2,2.0430474542081399e-03
796,2,2.0433871541172301e-03
797,2,2.04372312873602e-03
798,2,2.0440553780645102e-03
799,2,2.0443846005946402e-03
800,2,2.0447112619876901e-03
801,2,2.0450346637517201e-03
802,2,2.0453566685318899e-03
803,2,2.0456798374652902e-03
804,2,2.0460046362131799e-03
805,2,2.0463261753320698e-03
806,2,2.0466395653784301e-03
807,2,2.0469462033361201e-03
808,2,2.0472512114793101e-03
809,2,2.0475566852837801e-03
810,2,2.04786099493504e-03
811,2,2.04816181212664e-03
812,2,2.0484586711973e-03
813,2,2.04875273630023e-03
814,2,2.0490444730967301e-03
815,2,2.0493341144174298e-03
816,2,2.0496216602623502e-03
817,2,2.0499071106314698e-03
818,2,2.0501902326941499e-03
819,2,2.05047056078911e-03
820,2,2.0507480949163398e-03
821,2,2.0510235335677901e-03
822,2,2.0512971095740799e-03
823,2,2.0515685901045799e-03
824,2,2.0518377423286399e-03
825,2,2.05210479907691e-03
826,2,2.0523702260106802e-03
827,2,2.0526333246380099e-03
828,2,2.0528943277895498e-03
829,2,2.0531532354652899e-03
830,2,2.0534102804958799e-03
831,2,2.05366523005068e-03
832,2,2.0539180841296898e-03
833,2,2.05416907556355e-03
834,2,2.0544177386909702e-03
835,2,2.0546643063426e-03
836,2,2.0549090113490798e-03
837,2,2.0551518537104099e-03
838,2,2.05539283342659e-03
839,2,2.05563218332827e-03
840,2,2.0558689720928699e-03
841,2,2.05610366538167e-03
842,2,2.05633603036404e-03
843,2,2.0565660670399701e-03
844,2,2.0567944739013902e-03
845,2,2.05702194944024e-03
846,2,2.0572494249790898e-03
847,2,2.0574769005179401e-03
848,2,2.0577036775648598e-03
849,2,2.05792812630534e-03
850,2,2.0581488497555299e-03
851,2,2.0583665464073398e-03
852,2,2.05858238041401e-03
853,2,2.0587972830980999e-03
854,2,2.0590117201209099e-03
855,2,2.0592247601598501e-03
856,2,2.0594354718923599e-03
857,2,2.0596440881490699e-03
858,2,2.05985060892999e-03
859,2,2.0600550342351198e-03
860,2,2.0602573640644598e-03
861,2,2.0604582969099301e-03
862,2,2.06065946258605e-03
863,2,2.0608624909073101e-03
864,2,2.0610671490430802e-03
865,2,2.06126878038049e-03
866,2,2.06146412529051e-03
867,2,2.0616545807570202e-03
868,2,2.0618438720703099e-03
869,2,2.0620357245206798e-03
870,2,2.06222967244685e-03
871,2,2.0624231547117199e-03
872,2,2.0626133773475898e-03
873,2,2.0627994090318701e-03
874,2,2.06298311240971e-03
875,2,2.0631663501262699e-03
876,2,2.0633505191654002e-03
877,2,2.0635335240513099e-03
878,2,2.0637139678001399e-03
879,2,2.0638918504118902e-03
880,2,2.0640681032091401e-03
881,2,2.0642441231757398e-03
882,2,2.0644199103117002e-03
883,2,2.0645943004638e-03
884,2,2.0647663623094602e-03
885,2,2.0649367943406101e-03
886,2,2.0651058293879002e-03
887,2,2.06527393311262e-03
888,2,2.0654408726841198e-03
889,2,2.06560594961047e-03
890,2,2.0657698623836001e-03
891,2,2.06593284383416e-03
892,2,2.0660951267927898e-03
893,2,2.0662569440901301e-03
894,2,2.06641759723425e-03
895,2,2.0665766205638599e-03
896,2,2.0667342469096201e-03
897,2,2.0668900106102202e-03
898,2,2.0670443773269701e-03
899,2,2.0671973470598498e-03
900,2,2.06734915263951e-03
901,2,2.0675004925578798e-03
902,2,2.0676513668149701e-03
903,2,2.0678015425801299e-03
904,2,2.06795101985335e-03
905,2,2.06809910014272e-03
906,2,2.0682453177869298e-03
907,2,2.0683899056166402e-03
908,2,2.0685330964624899e-03
909,2,2.0686753559857598e-03
910,2,2.0688169170171001e-03
911,2,2.06895754672587e-03
912,2,2.06909701228142e-03
913,2,2.0692355465143902e-03
914,2,2.06937314942479e-03
915,2,2.0695098210126201e-03
916,2,2.0696453284472201e-03
917,2,2.0697796717286101e-03
918,2,2.0699123851954898e-03
919,2,2.0700439345091599e-03
920,2,2.0701743196696e-03
921,2,2.0703033078461898e-03
922,2,2.0704311318695502e-03
923,2,2.0705575589090599e-03
924,2,2.0706821233034099e-03
925,2,2.0708052907139102e-03
926,2,2.0709268283098901e-03
927,2,2.07104766741395e-03
928,2,2.0711694378405801e-03
929,2,2.0712928380817201e-03
930,2,2.0714153070002799e-03
931,2,2.0715349819511201e-03
932,2,2.0716509316116602e-03
933,2,2.0717657171189798e-03
934,2,2.07188073545694e-03
935,2,2.0719957537949098e-03
936,2,2.07210844382644e-03
937,2,2.07221740856767e-03
938,2,2.0723242778330998e-03
939,2,2.0724313799291801e-03
940,2,2.0725403446704102e-03
941,2,2.0726507063955099e-03
942,2,2.0727601367980198e-03
943,2,2.07286817021668e-03
944,2,2.0729757379740498e-03
945,2,2.0730812102556198e-03
946,2,2.0731829572469e-03
947,2,2.0732828415930302e-03
948,2,2.0733838900923699e-03
949,2,2.0734877325594399e-03
950,2,2.0735918078571601e-03
951,2,2.0736916922032798e-03
952,2,2.0737869199365399e-03
953,2,2.0738805178552901e-03
954,2,2.0739750470966101e-03
955,2,2.07407120615244e-03
956,2,2.0741671323776202e-03
957,2,2.0742597989738001e-03
958,2,2.07435083575547e-03
959,2,2.0744425710290701e-03
960,2,2.0745357032865299e-03
961,2,2.0746279042214199e-03
962,2,2.0747182425111502e-03
963,2,2.07480625249445e-03
964,2,2.0748928654938902e-03
965,2,2.0749778486788299e-03
966,2,2.0750623662024702e-03
967,2,2.0751466508954798e-03
968,2,2.07523046992719e-03
969,2,2.0753135904669801e-03
970,2,2.07539647817612e-03
971,2,2.0754779689014001e-03
972,2,2.0755580626428101e-03
973,2,2.0756365265697202e-03
974,2,2.0757145248353499e-03
975,2,2.0757920574396801e-03
976,2,2.0758693572133801e-03
977,2,2.0759454928338502e-03
978,2,2.0760204643011102e-03
979,2,2.0760947372764301e-03
980,2,2.0761680789291902e-03
981,2,2.0762404892593601e-03
982,2,2.0763115026056801e-03
983,2,2.0763806533068401e-03
984,2,2.07644794136286e-03
985,2,2.0765140652656599e-03
986,2,2.07658112049103e-03
987,2,2.0766519010066999e-03
988,2,2.0767257083207399e-03
989,2,2.07679672166705e-03
990,2,2.0768619142472701e-03
991,2,2.07692408002913e-03
992,2,2.07698810845613e-03
993,2,2.0770546980202198e-03
994,2,2.0771198906004399e-03
995,2,2.0771813578903701e-03
996,2,2.07724119536579e-03
997,2,2.0773019641637802e-03
998,2,2.07736273296177e-03
999,2,2.0774211734533301e-03
1000,2,2.0774775184691e-03
1001,2,2.07753339782357e-03
1002,2,2.07758927717805e-03
1003,2,2.07764469087124e-03
1004,2,2.0776989404112101e-03
1005,2,2.0777538884431102e-03
1006,2,2.0778113976120901e-03
1007,2,2.0778707694262301e-03
1008,2,2.0779292099177798e-03
1009,2,2.0779853221029e-03
1010,2,2.0780386403203002e-03
1011,2,2.07808963023126e-03
1012,2,2.07813922315836e-03
1013,2,2.0781890489161002e-03
1014,2,2.0782416686415698e-03
1015,2,2.0782968495041102e-03
1016,2,2.0783517975360198e-03
1017,2,2.07840278744698e-03
1018,2,2.0784498192369899e-03
1019,2,2.0784956868737901e-03
1020,2,2.0785436499863902e-03
1021,2,2.07859463989735e-03
1022,2,2.07864539697766e-03
1023,2,2.0786931272596099e-03
1024,2,2.0787380635738399e-03
1025,2,2.0787823013961302e-03
1026,2,2.07882700487971e-03
1027,2,2.0788724068552299e-03
1028,2,2.0789175760000901e-03
1029,2,2.0789615809917398e-03
1030,2,2.0790046546608201e-03
1031,2,2.0790470298379699e-03
1032,2,2.0790894050151101e-03
1033,2,2.07913131453097e-03
1034,2,2.0791729912161801e-03
1035,2,2.0792142022401099e-03
1036,2,2.07925471477211e-03
1037,2,2.0792949944734599e-03
1038,2,2.0793345756828798e-03
1039,2,2.0793739240616599e-03
1040,2,2.0794130396097898e-03
1041,2,2.0794514566659901e-03
1042,2,2.0794896408915498e-03
1043,2,2.07952735945582e-03
1044,2,2.0795646123588098e-03
1045,2,2.07960116676986e-03
1046,2,2.0796367898583399e-03
1047,2,2.07967148162425e-03
1048,2,2.0797052420675798e-03
1049,2,2.0797385368496201e-03
1050,2,2.0797715988010198e-03
1051,2,2.07980582490563e-03
1052,2,2.0798414479941099e-03
1053,2,2.0798782352358098e-03
1054,2,2.0799145568162198e-03
1055,2,2.0799490157514802e-03
1056,2,2.0799811463803101e-03
1057,2,2.0800118800252702e-03
1058,2,2.0800423808395902e-03
1059,2,2.0800733473151901e-03
1060,2,2.0801043137907999e-03
1061,2,2.0801345817744702e-03
1062,2,2.0801634527742902e-03
1063,2,2.08019092679024e-03
1064,2,2.0802174694836101e-03
1065,2,2.0802440121769901e-03
1066,2,2.08027218468487e-03
1067,2,2.0803019870072599e-03
1068,2,2.0803331863135099e-03
1069,2,2.08036438561976e-03
1070,2,2.0803937222808599e-03
1071,2,2.0804207306355199e-03
1072,2,2.0804461091756799e-03
1073,2,2.0804724190384102e-03
1074,2,2.0805022213608e-03
1075,2,2.0805352833122002e-03
1076,2,2.0805685780942401e-03
1077,2,2.08059838041663e-03
1078,2,2.08062375895679e-03
1079,2,2.08064797334373e-03
1080,2,2.0806740503758201e-03
1081,2,2.0807024557143402e-03
1082,2,2.0807308610528699e-03
1083,2,2.08075693808496e-03
1084,2,2.0807811524719e-03
1085,2,2.0808051340281998e-03
1086,2,2.0808300469070699e-03
1087,2,2.0808558911085098e-03
1088,2,2.0808812696486698e-03
1089,2,2.0809054840356099e-03
1090,2,2.0809289999306202e-03
1091,2,2.0809522829949899e-03
1092,2,2.08097603172064e-03
1093,2,2.0809997804462901e-03
1094,2,2.0810228306800101e-03
1095,2,2.0810456480830899e-03
1096,2,2.0810679998248798e-03
1097,2,2.0810905843973199e-03
1098,2,2.08111316896975e-03
1099,2,2.0811352878809001e-03
1100,2,2.0811569411307599e-03
1101,2,2.08117836154997e-03
1102,2,2.0811995491385499e-03
1103,2,2.0812207367271198e-03
1104,2,2.0812416914850499e-03
1105,2,2.0812624134123299e-03
1106,2,2.08128266967833e-03
1107,2,2.08130292594433e-03
1108,2,2.0813227165490402e-03
1109,2,2.08134204149246e-03
1110,2,2.08136113360524e-03
1111,3,2.08137952722609e-03
1112,3,2.0814130548387801e-03
1113,3,2.0814477466046801e-03
1114,3,2.0815003663301498e-03
1115,3,2.0815527532249702e-03
1116,3,2.08160607144237e-03
1117,3,2.0816612523049099e-03
1118,3,2.0817171316593898e-03
1119,3,2.0817739423364401e-03
1120,3,2.08183145150542e-03
1121,3,2.0818898919969801e-03
1122,3,2.0819494966417599e-03
1123,3,2.0820104982703898e-03
1124,3,2.0820724312216e-03
1125,3,2.0821355283260302e-03
1126,3,2.0821993239224e-03
1127,3,2.0822633523494001e-03
1128,3,2.08232784643769e-03
1129,3,2.0823944360017798e-03
1130,3,2.08246614784002e-03
1131,3,2.0825436804443602e-03
1132,3,2.0826244726777098e-03
1133,3,2.0827071275562e-03
1134,3,2.0827916450798498e-03
1135,3,2.0828791894018702e-03
1136,3,2.0829695276916001e-03
1137,3,2.0830617286264901e-03
1138,3,2.0831550937145901e-03
1139,3,2.0832507871091401e-03
1140,3,2.0833506714552602e-03
1141,3,2.0834552124142599e-03
1142,3,2.0835623145103498e-03
1143,3,2.08367151208222e-03
1144,3,2.0837835036218201e-03
1145,3,2.08389922045171e-03
1146,3,2.08401796407998e-03
1147,3,2.0841383375227499e-03
1148,3,2.08426127210259e-03
1149,3,2.0843881648033901e-03
1150,3,2.0845201797783401e-03
1151,3,2.08465615287423e-03
1152,3,2.0847949199378499e-03
1153,3,2.0849357824772601e-03
1154,3,2.0850796718150399e-03
1155,3,2.0852275192737601e-03
1156,3,2.0853793248534198e-03
1157,3,2.0855348557233802e-03
1158,3,2.0856941118836399e-03
1159,3,2.0858573261648399e-03
1160,3,2.0860247313976301e-03
1161,3,2.0861965604126501e-03
1162,3,2.0863714162260298e-03
1163,3,2.0865495316684198e-03
1164,3,2.0867309067398301e-03
1165,3,2.0869155414402498e-03
1166,3,2.0871034357696802e-03
1167,3,2.0872936584055402e-03
1168,3,2.0874866750091301e-03
1169,3,2.08768248558044e-03
1170,3,2.0878815557807701e-03
1171,3,2.0880834199488202e-03
1172,3,2.08828714676201e-03
1173,3,2.088492969051e-03
1174,3,2.0887006539851401e-03
1175,3,2.08890973590314e-03
1176,3,2.0891209132969401e-03
1177,3,2.08933465182781e-03
1178,3,2.0895528141409202e-03
1179,3,2.0897760987281799e-03
1180,3,2.0900031086057399e-03
1181,3,2.0902296528220198e-03
1182,3,2.0904541015625e-03
1183,3,2.0906778518110501e-03
1184,3,2.0909034647047498e-03
1185,3,2.0911328028887502e-03
1186,3,2.0913642365485399e-03
1187,3,2.0915959030389799e-03
1188,3,2.09182663820684e-03
1189,3,2.0920580718666302e-03
1190,3,2.0922927651554298e-03
1191,3,2.0925300195813201e-03
1192,3,2.0927675068378401e-03
1193,3,2.0930022001266501e-03
1194,3,2.0932334009558001e-03
1195,3,2.0934625063091499e-03
1196,3,2.0936934743076602e-03
1197,3,2.0939314272254701e-03
1198,3,2.0941789261996698e-03
1199,3,2.0944336429238302e-03
1200,3,2.0946885924786299e-03
1201,3,2.0949381869286299e-03
1202,3,2.09518219344318e-03
1203,3,2.0954252686351499e-03
1204,3,2.0956711377948501e-03
1205,3,2.0959207322448501e-03
1206,3,2.0961717236787098e-03
1207,3,2.0964210852980601e-03
1208,3,2.0966697484254798e-03
1209,3,2.0969188772141899e-03
1210,3,2.0971707999706299e-03
1211,3,2.0974241197109201e-03
1212,3,2.0976781379431499e-03
1213,3,2.0979323890060199e-03
1214,3,2.0981875713914598e-03
1215,3,2.09844438359141e-03
1216,3,2.0987023599445798e-03
1217,3,2.0989612676203299e-03
1218,3,2.0992211066186402e-03
1219,3,2.0994823426008198e-03
1220,3,2.0997456740587902e-03
1221,3,2.1000108681619202e-03
1222,3,2.1002774592489e-03
1223,3,2.1005452144891002e-03
1224,3,2.1008143667131701e-03
1225,3,2.10108514875174e-03
1226,3,2.1013575606048098e-03
1227,3,2.1016318351030302e-03
1228,3,2.1019082050770499e-03
1229,3,2.10218667052686e-03
1230,3,2.1024667657911799e-03
1231,3,2.10274872370064e-03
1232,3,2.1030320785939702e-03
1233,3,2.1033170633017999e-03
1234,3,2.10360367782414e-03
1235,3,2.1038909908384102e-03
1236,3,2.10417783819139e-03
1237,3,2.1044644527137301e-03
1238,3,2.1047510672360702e-03
1239,3,2.1050381474196898e-03
1240,3,2.1053284872323301e-03
1241,3,2.1056248806417001e-03
1242,3,2.10592965595424e-03
1243,3,2.10624258033931e-03
1244,3,2.10655736736953e-03
1245,3,2.10686982609332e-03
1246,3,2.10717879235744e-03
1247,3,2.1074868272990001e-03
1248,3,2.1077983547002099e-03
1249,3,2.1081140730530002e-03
1250,3,2.1084323525428798e-03
1251,3,2.1087499335408202e-03
1252,3,2.1090679802000501e-03
1253,3,2.10938835516572e-03
1254,3,2.1097112912684701e-03
1255,3,2.1100353915244302e-03
1256,3,2.1103594917803998e-03
1257,3,2.1106849890202301e-03
1258,3,2.1110125817358498e-03
1259,3,2.1113422699272598e-03
1260,3,2.1116719581186802e-03
1261,3,2.1120000164955902e-03
1262,3,2.1123278420418501e-03
1263,3,2.1126598585397001e-03
1264,3,2.11299699731171e-03
1265,3,2.1133357658982299e-03
1266,3,2.1136738359928101e-03
1267,3,2.1140128374099701e-03
1268,3,2.1143541671335702e-03
1269,3,2.1146966610103798e-03
1270,3,2.1150389220565601e-03
1271,3,2.1153804846107999e-03
1272,3,2.11572251282632e-03
1273,3,2.1160650067031401e-03
1274,3,2.11640726774931e-03
1275,3,2.1167488303035502e-03
1276,3,2.11709039285779e-03
1277,3,2.1174324210733201e-03
1278,3,2.11777468211949e-03
1279,3,2.1181174088269498e-03
1280,3,2.11846013553441e-03
1281,3,2.1188023965805799e-03
1282,3,2.1191439591348202e-03
1283,3,2.1194848231971299e-03
1284,3,2.1198247559368602e-03
1285,3,2.12016399018466e-03
1286,3,2.1205020602792501e-03
1287,3,2.1208391990512601e-03
1288,3,2.1211761049926298e-03
1289,3,2.1215144079178602e-03
1290,3,2.1218541078269499e-03
1291,3,2.1221940405666802e-03
1292,3,2.1225335076451302e-03
1293,3,2.1228720434009998e-03
1294,3,2.1232084836810801e-03
1295,3,2.12354212999344e-03
1296,3,2.1238722838461399e-03
1297,3,2.12419871240854e-03
1298,3,2.1245232783258e-03
1299,3,2.1248462144285401e-03
1300,3,2.1251691505312898e-03
1301,3,2.12549162097275e-03
1302,3,2.12581269443035e-03
1303,3,2.1261323709040902e-03
1304,3,2.1264548413455499e-03
1305,3,2.1267815027386002e-03
1306,3,2.1271083969622898e-03
1307,3,2.1274311002343902e-03
1308,3,2.1277493797242598e-03
1309,3,2.1280660293996299e-03
1310,3,2.1283829119056498e-03
1311,3,2.1286988630890799e-03
1312,3,2.1290124859660899e-03
1313,3,2.1293240133673e-03
1314,3,2.1296325139701401e-03
1315,3,2.1299365907907499e-03
1316,3,2.1302383393049201e-03
1317,3,2.13054195046425e-03
1318,3,2.1308483555913002e-03
1319,3,2.1311533637344798e-03
1320,3,2.1314532496035099e-03
1321,3,2.13174801319838e-03
1322,3,2.1320409141480901e-03
1323,3,2.1323342807591e-03
1324,3,2.1326271817088101e-03
1325,3,2.13291868567467e-03
1326,3,2.13320809416473e-03
1327,3,2.1334954071790002e-03
1328,3,2.1337803918868299e-03
1329,3,2.1340625826269401e-03
1330,3,2.1343424450606099e-03
1331,3,2.1346202120184898e-03
1332,3,2.13489658199251e-03
1333,3,2.1351722534745901e-03
1334,3,2.1354486234486099e-03
1335,3,2.1357245277613401e-03
1336,3,2.1359983365982801e-03
1337,3,2.13626795448363e-03
1338,3,2.13653314858675e-03
1339,3,2.13679485023022e-03
1340,3,2.13705422356725e-03
1341,3,2.1373117342591299e-03
1342,3,2.1375657524913502e-03
1343,3,2.1378169767558601e-03
1344,3,2.1380677353590701e-03
1345,3,2.1383217535912999e-03
1346,3,2.1385799627751099e-03
1347,3,2.1388370078057098e-03
1348,3,2.13908799923956e-03
1349,3,2.13933177292347e-03
1350,3,2.1395725198090098e-03
1351,3,2.1398155950009801e-03
1352,3,2.1400640252977601e-03
1353,3,2.1403150167316198e-03
1354,3,2.1405627485364702e-03
1355,3,2.1408037282526502e-03
1356,3,2.14103749021888e-03
1357,3,2.1412670612335201e-03
1358,3,2.1414966322481602e-03
1359,3,2.1417280659079599e-03
1360,3,2.1419601980596798e-03
1361,3,2.14219046756625e-03
1362,3,2.1424151491373799e-03
1363,3,2.14263494126499e-03
1364,3,2.1428526379167999e-03
1365,3,2.14307126589119e-03
1366,3,2.14329035952687e-03
1367,3,2.1435073576867602e-03
1368,3,2.1437208633869899e-03
1369,3,2.1439311094582098e-03
1370,3,2.14413949288428e-03
1371,3,2.1443467121571298e-03
1372,3,2.14455276727676e-03
1373,3,2.1447571925818898e-03
1374,3,2.1449592895805801e-03
1375,3,2.1451588254421902e-03
1376,3,2.1453564986586601e-03
1377,3,2.14555230922997e-03
1378,3,2.1457467228174201e-03
1379,3,2.1459395065903698e-03
1380,3,2.1461304277181599e-03
1381,3,2.1463192533701702e-03
1382,3,2.1465062163770199e-03
1383,3,2.1466910839080802e-03
1384,3,2.14687408879399e-03
1385,3,2.1470549982041099e-03
1386,3,2.1472342777997299e-03
1387,3,2.1474116947501902e-03
1388,3,2.1475870162248598e-03
1389,3,2.1477600093930999e-03
1390,3,2.1479304414242502e-03
1391,3,2.1480983123183298e-03
1392,3,2.1482638549059599e-03
1393,3,2.14842823334038e-03
1394,3,2.1485919132828699e-03
1395,3,2.1487548947334298e-03
1396,3,2.1489157807081899e-03
1397,3,2.1490736398845898e-03
1398,3,2.14922777377069e-03
1399,3,2.1493791136890602e-03
1400,3,2.14952928945422e-03
1401,3,2.1496806293726002e-03
1402,3,2.1498345304280502e-03
1403,3,2.14998936280608e-03
1404,3,2.15014209970832e-03
1405,3,2.1502908784896101e-03
1406,3,2.1504368633031802e-03
1407,3,2.1505821496248202e-03
1408,3,2.1507281344383998e-03
1409,3,2.1508731879293901e-03
1410,3,2.1510152146220199e-03
1411,3,2.15115258470178e-03
1412,3,2.1512862294912299e-03
1413,3,2.1514175459742498e-03
1414,3,2.15154862962663e-03
1415,3,2.1516804117709398e-03
1416,3,2.1518124267458898e-03
1417,3,2.1519430447369801e-03
1418,3,2.15207086876035e-03
1419,3,2.1521961316466301e-03
1420,3,2.1523192990571299e-03
1421,3,2.1524413023143998e-03
1422,3,2.1525623742490998e-03
1423,3,2.1526822820305798e-03
1424,3,2.1528007928282001e-03
1425,3,2.1529174409806698e-03
1426,3,2.15303245931864e-03
1427,3,2.1531456150114502e-03
1428,3,2.15325783938169e-03
1429,3,2.1533688995987199e-03
1430,3,2.1534790284931699e-03
1431,3,2.15358752757311e-03
1432,3,2.1536943968385501e-03
1433,3,2.1537994034588298e-03
1434,3,2.1539032459258999e-03
1435,3,2.1540063899010398e-03
1436,3,2.1541088353842501e-03
1437,3,2.1542098838835998e-03
1438,3,2.1543095353990802e-03
1439,3,2.15440732426941e-03
1440,3,2.1545032504946002e-03
1441,3,2.15459754690528e-03
1442,3,2.1546899806708102e-03
1443,3,2.1547800861298999e-03
1444,3,2.15486786328256e-03
1445,3,2.1549535449594298e-03
1446,3,2.1550375968217802e-03
1447,3,2.1551214158534999e-03
1448,3,2.15520686469972e-03
1449,3,2.1552951075136701e-03
1450,3,2.1553863771259802e-03
1451,3,2.1554788108915099e-03
1452,3,2.1555700805038201e-03
1453,3,2.1556573919951898e-03
1454,3,2.15574004687369e-03
1455,3,2.1558199077844598e-03
1456,3,2.1558983717113699e-03
1457,3,2.1559773012995698e-03
1458,3,2.15605646371841e-03
1459,3,2.15613492764533e-03
1460,3,2.1562119945883799e-03
1461,3,2.1562871988862801e-03
1462,3,2.1563617046922402e-03
1463,3,2.1564359776675701e-03
1464,3,2.1565111819654699e-03
1465,3,2.1565861534327299e-03
1466,3,2.1566601935774101e-03
1467,3,2.1567323710769402e-03
1468,3,2.1568026859313202e-03
1469,3,2.1568718366324902e-03
1470,3,2.1569409873336601e-03
1471,3,2.1570096723735302e-03
1472,3,2.15707742609084e-03
1473,3,2.15714308433235e-03
1474,3,2.15720711275935e-03
1475,3,2.1572697442024899e-03
1476,3,2.1573319099843502e-03
1477,3,2.1573945414274901e-03
1478,3,2.1574574057012801e-03
1479,3,2.1575200371444199e-03
1480,3,2.1575817372649899e-03
1481,3,2.1576420404017002e-03
1482,3,2.1577009465545399e-03
1483,3,2.1577589213848101e-03
1484,3,2.1578159648925101e-03
1485,3,2.15787230990827e-03
1486,3,2.1579284220933901e-03
1487,3,2.1579840686172199e-03
1488,3,2.1580392494797698e-03
1489,3,2.1580934990197398e-03
1490,3,2.15814681723714e-03
1491,3,2.1581994369626002e-03
1492,3,2.1582511253655e-03
1493,3,2.1583018824458101e-03
1494,3,2.1583514753729101e-03
1495,3,2.1584001369774298e-03
1496,3,2.1584471687674501e-03
1497,3,2.15849257074296e-03
1498,3,2.1585361100733302e-03
1499,3,2.1585777867585399e-03
1500,3,2.1586178336292501e-03
1501,3,2.1586574148386699e-03
1502,3,2.1586979273706701e-03
1503,3,2.15874169953167e-03
1504,3,2.1587901283055501e-03
1505,3,2.1588432136923101e-03
1506,3,2.1588981617242098e-03
1507,3,2.1589510142803201e-03
1508,3,2.15899990871549e-03
1509,3,2.1590443793684201e-03
1510,3,2.15908698737621e-03
1511,3,2.159129595384e-03
1512,3,2.1591724362224301e-03
1513,3,2.15921550989151e-03
1514,3,2.1592578850686598e-03
1515,3,2.1592995617538699e-03
1516,3,2.1593407727778001e-03
1517,3,2.1593817509710802e-03
1518,3,2.15942249633372e-03
1519,3,2.1594630088657102e-03
1520,3,2.1595028229057802e-03
1521,3,2.15954123996198e-03
1522,3,2.1595789585262498e-03
1523,3,2.1596157457679501e-03
1524,3,2.1596523001789999e-03
1525,3,2.1596886217594099e-03
1526,3,2.1597251761704701e-03
1527,3,2.1597617305815198e-03
1528,3,2.1597980521619298e-03
1529,3,2.1598336752504102e-03
1530,3,2.1598688326776002e-03
1531,3,2.1599030587822199e-03
1532,3,2.1599368192255501e-03
1533,3,2.1599703468382402e-03
1534,3,2.1600034087896299e-03
1535,3,2.1600362379103899e-03
1536,3,2.1600688342005001e-03
1537,3,2.1601011976599702e-03
1538,3,2.1601333282887901e-03
1539,3,2.1601649932563301e-03
1540,3,2.1601961925625801e-03
1541,3,2.1602269262075398e-03
1542,3,2.16025719419122e-03
1543,3,2.1602869965136099e-03
1544,3,2.1603163331747098e-03
1545,3,2.1603454370051601e-03
1546,3,2.1603743080049801e-03
1547,3,2.16040294617414e-03
1548,3,2.1604315843433098e-03
1549,3,2.1604602225124801e-03
1550,3,2.16048886068165e-03
1551,3,2.1605172660201801e-03
1552,3,2.1605452056974199e-03
1553,3,2.16057244688272e-03
1554,3,2.1605985239148101e-03
1555,3,2.1606236696243299e-03
1556,3,2.16064741834998e-03
1557,3,2.1606702357530598e-03
1558,3,2.16069235466421e-03
1559,3,2.1607147064059999e-03
1560,3,2.1607382223010098e-03
1561,3,2.1607636008411598e-03
1562,3,2.1607910748571201e-03
1563,3,2.1608199458569301e-03
1564,3,2.1608492825180301e-03
1565,3,2.1608779206871999e-03
1566,3,2.1609046962112201e-03
1567,3,2.1609296090900898e-03
1568,3,2.1609531249851001e-03
1569,3,2.1609761752188201e-03
1570,3,2.1609992254525401e-03
1571,3,2.16102320700884e-03
1572,3,2.16104742139578e-03
1573,3,2.16107163578272e-03
1574,3,2.1610951516777299e-03
1575,3,2.1611179690808101e-03
1576,3,2.1611398551613101e-03
1577,3,2.16116104274988e-03
1578,3,2.1611824631691001e-03
1579,3,2.16120481491089e-03
1580,3,2.1612285636365401e-03
1581,3,2.16125324368477e-03
1582,3,2.1612776909023502e-03
1583,3,2.1613009739667199e-03
1584,3,2.1613233257085098e-03
1585,3,2.1613447461277199e-03
1586,3,2.1613661665469399e-03
1587,3,2.1613873541355098e-03
1588,3,2.16140830889344e-03
1589,3,2.16142903082073e-03
1590,3,2.16144928708673e-03
1591,4,2.1614690776914402e-03
1592,4,2.1615058649331301e-03
1593,4,2.1615361329168099e-03
1594,4,2.1615822333842499e-03
1595,4,2.1616257727146101e-03
1596,4,2.16166768223047e-03
1597,4,2.1617088932544002e-03
1598,4,2.1617503371089701e-03
1599,4,2.1617913153022502e-03
1600,4,2.1618325263261799e-03
1601,4,2.1618732716888198e-03
1602,4,2.16191448271275e-03
1603,4,2.1619561593979601e-03
1604,4,2.1619983017444602e-03
1605,4,2.1620411425828899e-03
1606,4,2.1620846819132601e-03
1607,4,2.16212891973555e-03
1608,4,2.1621740888804202e-03
1609,4,2.16221995651722e-03
1610,4,2.1622667554765901e-03
1611,4,2.1623142529278998e-03
1612,4,2.1623626817017798e-03
1613,4,2.1624113433063e-03
1614,4,2.1624602377414699e-03
1615,4,2.1625098306685699e-03
1616,4,2.1625608205795301e-03
1617,4,2.1626153029501399e-03
1618,4,2.1626751404255598e-03
1619,4,2.1627419628202898e-03
1620,4,2.1628153044730399e-03
1621,4,2.1628926042467399e-03
1622,4,2.1629696711897902e-03
1623,4,2.16304371133447e-03
1624,4,2.16311519034207e-03
1625,4,2.1631859708577399e-03
1626,4,2.1632590796798498e-03
1627,4,2.1633359137922499e-03
1628,4,2.1634157747030302e-03
1629,4,2.1634984295815199e-03
1630,4,2.1635834127664601e-03
1631,4,2.16367095708847e-03
1632,4,2.16376082971692e-03
1633,4,2.1638520993292301e-03
1634,4,2.16394360177219e-03
1635,4,2.1640353370457901e-03
1636,4,2.16412753798068e-03
1637,4,2.164222067222e-03
1638,4,2.16431939043105e-03
1639,4,2.16441974043846e-03
1640,4,2.1645219530910301e-03
1641,4,2.16462556272745e-03
1642,4,2.16472987085581e-03
1643,4,2.1648348774761001e-03
1644,4,2.16494081541896e-03
1645,4,2.1650476846844001e-03
1646,4,2.1651559509336901e-03
1647,4,2.1652651485055698e-03
1648,4,2.1653752774000198e-03
1649,4,2.1654863376170401e-03
1650,4,2.1655983291566398e-03
1651,4,2.1657103206962299e-03
1652,4,2.1658218465745401e-03
1653,4,2.1659326739609198e-03
1654,4,2.1660418715328e-03
1655,4,2.1661501377820999e-03
1656,4,2.16625863686204e-03
1657,4,2.1663696970790599e-03
1658,4,2.16648518107831e-03
1659,4,2.1666060201823698e-03
1660,4,2.16673011891544e-03
1661,4,2.1668544504791498e-03
1662,4,2.1669766865670698e-03
1663,4,2.16709682717919e-03
1664,4,2.1672169677913202e-03
1665,4,2.1673401352018101e-03
1666,4,2.16746632941067e-03
1667,4,2.1675934549421098e-03
1668,4,2.1677189506590401e-03
1669,4,2.1678414195775999e-03
1670,4,2.1679617930203698e-03
1671,4,2.16808193363249e-03
1672,4,2.1682032383978402e-03
1673,4,2.1683257073163999e-03
1674,4,2.16844864189625e-03
1675,4,2.1685715764761001e-03
1676,4,2.1686938125640202e-03
1677,4,2.1688155829906498e-03
1678,4,2.16893688775599e-03
1679,4,2.1690572611987599e-03
1680,4,2.16917716898024e-03
1681,4,2.16929661110044e-03
1682,4,2.16941651888192e-03
1683,4,2.1695364266634e-03
1684,4,2.16965563595295e-03
1685,4,2.1697736810892799e-03
1686,4,2.16989032924175e-03
1687,4,2.1700060460716499e-03
1688,4,2.1701212972402599e-03
1689,4,2.17023561708629e-03
1690,4,2.1703490056097499e-03
1691,4,2.1704607643186998e-03
1692,4,2.1705711260438e-03
1693,4,2.1706798579543799e-03
1694,4,2.1707871928811099e-03
1695,4,2.1708942949771898e-03
1696,4,2.1710025612264902e-03
1697,4,2.1711140871048e-03
1698,4,2.1712295711040501e-03
1699,4,2.1713485475629598e-03
1700,4,2.1714684553444399e-03
1701,4,2.17158626765013e-03
1702,4,2.1716998890042301e-03
1703,4,2.1718088537454601e-03
1704,4,2.17191479168832e-03
1705,4,2.17201909981668e-03
1706,4,2.1721234079450399e-03
1707,4,2.1722293458878998e-03
1708,4,2.1723364479839802e-03
1709,4,2.1724449470639198e-03
1710,4,2.1725534461438699e-03
1711,4,2.1726605482399498e-03
1712,4,2.1727655548602299e-03
1713,4,2.1728684660047301e-03
1714,4,2.1729702129960099e-03
1715,4,2.17307172715664e-03
1716,4,2.1731734741479202e-03
1717,4,2.1732754539698401e-03
1718,4,2.1733776666223999e-03
1719,4,2.1734796464443198e-03
1720,4,2.1735809277743101e-03
1721,4,2.1736817434430101e-03
1722,4,2.1737816277891402e-03
1723,4,2.1738808136433402e-03
1724,4,2.1739795338362499e-03
1725,4,2.1740777883678701e-03
1726,4,2.1741760428994898e-03
1727,4,2.1742740646004699e-03
1728,4,2.1743718534708001e-03
1729,4,2.1744698751717802e-03
1730,4,2.1745674312114698e-03
1731,4,2.1746652200818101e-03
1732,4,2.17476254329085e-03
1733,4,2.1748598664999e-03
1734,4,2.1749569568783001e-03
1735,4,2.1750533487647798e-03
1736,4,2.17514927498996e-03
1737,4,2.1752447355538598e-03
1738,4,2.1753399632871199e-03
1739,4,2.1754347253590801e-03
1740,4,2.1755294874310502e-03
1741,4,2.1756244823336601e-03
1742,4,2.1757192444056299e-03
1743,4,2.1758137736469499e-03
1744,4,2.1759078372269899e-03
1745,4,2.1760021336376702e-03
1746,4,2.1760978270322102e-03
1747,4,2.1761970128863998e-03
1748,4,2.1763008553534698e-03
1749,4,2.1764067932963402e-03
1750,4,2.1765113342553399e-03
1751,4,2.1766126155853302e-03
1752,4,2.1767113357782399e-03
1753,4,2.1768098231404998e-03
1754,4,2.1769094746559902e-03
1755,4,2.17701005749404e-03
1756,4,2.1771118044853202e-03
1757,4,2.1772154141217501e-03
1758,4,2.1773199550807502e-03
1759,4,2.1774242632091002e-03
1760,4,2.1775262430310202e-03
1761,4,2.1776261273771498e-03
1762,4,2.17772554606199e-03
1763,4,2.1778265945613402e-03
1764,4,2.17792904004455e-03
1765,4,2.17803218401968e-03
1766,4,2.1781348623335401e-03
1767,4,2.1782366093248099e-03
1768,4,2.1783369593322299e-03
1769,4,2.1784359123557802e-03
1770,4,2.1785353310406199e-03
1771,4,2.17863800935447e-03
1772,4,2.1787460427731302e-03
1773,4,2.1788587328046599e-03
1774,4,2.17897351831198e-03
1775,4,2.1790880709886599e-03
1776,4,2.1792005281895399e-03
1777,4,2.1793101914227e-03
1778,4,2.1794170606881402e-03
1779,4,2.1795227658003599e-03
1780,4,2.17962893657386e-03
1781,4,2.1797365043312298e-03
1782,4,2.1798454690724598e-03
1783,4,2.1799551323056199e-03
1784,4,2.1800645627081399e-03
1785,4,2.18017306178808e-03
1786,4,2.18028039671481e-03
1787,4,2.1803870331496e-03
1788,4,2.1804932039231101e-03
1789,4,2.1805998403579001e-03
1790,4,2.1807064767926901e-03
1791,4,2.1808133460581298e-03
1792,4,2.18092021532357e-03
1793,4,2.1810261532664299e-03
1794,4,2.1811313927173601e-03
1795,4,2.1812352351844302e-03
1796,4,2.1813376806676401e-03
1797,4,2.1814391948282701e-03
1798,4,2.1815395448356902e-03
1799,4,2.1816387306898802e-03
1800,4,2.1817374508827899e-03
1801,4,2.1818357054144101e-03
1802,4,2.1819344256073202e-03
1803,4,2.1820343099534499e-03
1804,4,2.1821355912834402e-03
1805,4,2.1822375711053601e-03
1806,4,2.18233885243535e-03
1807,4,2.1824371069669702e-03
1808,4,2.1825316362083002e-03
1809,4,2.18262244015932e-03
1810,4,2.1827104501426198e-03
1811,4,2.1827975288033498e-03
1812,4,2.1828857716172899e-03
1813,4,2.18297587707639e-03
1814,4,2.1830671466887002e-03
1815,4,2.1831567864865099e-03
1816,4,2.18324339948595e-03
1817,4,2.1833258215338e-03
1818,4,2.183404751122e-03
1819,4,2.18348135240376e-03
1820,4,2.18355632387102e-03
1821,4,2.1836303640157002e-03
1822,4,2.1837037056684498e-03
1823,4,2.1837758831679799e-03
1824,4,2.1838468965143e-03
1825,4,2.1839158143848198e-03
1826,4,2.1839826367795502e-03
1827,4,2.1840466652065498e-03
1828,4,2.1841081324964801e-03
1829,4,2.1841670386493202e-03
1830,4,2.1842236164957298e-03
1831,4,2.1842776332050601e-03
1832,4,2.1843295544385901e-03
1833,4,2.18438007868826e-03
1834,4,2.18442967161536e-03
1835,4,2.1844787988811701e-03
1836,4,2.18452769331634e-03
1837,4,2.1845758892595798e-03
1838,4,2.1846226882189499e-03
1839,4,2.1846680901944598e-03
1840,4,2.1847106982022498e-03
1841,4,2.18475074507296e-03
1842,4,2.1847886964678799e-03
1843,4,2.1848275791853701e-03
1844,4,2.1848711185157299e-03
1845,4,2.18492024578154e-03
1846,4,2.1849703043699299e-03
1847,4,2.18501477502286e-03
1848,4,2.1850515622645599e-03
1849,4,2.1850820630788799e-03
1850,4,2.1851083729416102e-03
1851,4,2.1851330529898401e-03
1852,4,2.1851605270057899e-03
1853,4,2.1851954516023402e-03
1854,4,2.1852375939488398e-03
1855,4,2.1852795034647001e-03
1856,4,2.1853144280612499e-03
1857,4,2.18534399755299e-03
1858,4,2.1853747311979502e-03
1859,4,2.1854094229638598e-03
1860,4,2.1854455117136201e-03
1861,4,2.18547880649567e-03
1862,4,2.1855083759874101e-03
1863,4,2.1855367813259398e-03
1864,4,2.1855654194951101e-03
1865,4,2.1855933591723399e-03
1866,4,2.1856199018657199e-03
1867,4,2.1856457460671698e-03
1868,4,2.1856718230992599e-03
1869,4,2.18569790013134e-03
1870,4,2.1857235115021502e-03
1871,4,2.18574865721166e-03
1872,4,2.1857735700905301e-03
1873,4,2.18579825013876e-03
1874,4,2.18582176603377e-03
1875,4,2.1858445834368502e-03
1876,4,2.18586740083992e-03
1877,4,2.18589045107365e-03
1878,4,2.1859137341380102e-03
1879,4,2.1859363187104498e-03
1880,4,2.1859577391296599e-03
1881,4,2.1859784610569499e-03
1882,4,2.1859989501535901e-03
1883,4,2.1860194392502299e-03
1884,4,2.1860392298549401e-03
1885,4,2.1860578563064302e-03
1886,5,2.1860753186047099e-03
1887,5,2.1861332934349801e-03
1888,5,2.1861761342734098e-03
1889,5,2.18622712418437e-03
1890,5,2.1862720604986e-03
1891,5,2.1863114088773701e-03
1892,5,2.1863451693207e-03
1893,5,2.1863735746592301e-03
1894,5,2.1864003501832498e-03
1895,5,2.1864306181669201e-03
1896,5,2.1864704322069901e-03
1897,5,2.1865214221179498e-03
1898,5,2.1865782327950001e-03
1899,5,2.1866324823349701e-03
1900,5,2.18668021261692e-03
1901,5,2.1867218893021302e-03
1902,5,2.18676147051156e-03
1903,5,2.1868024487048401e-03
1904,5,2.1868452895432702e-03
1905,5,2.1868878975510602e-03
1906,5,2.1869291085749899e-03
1907,5,2.18696892261505e-03
1908,5,2.18700990080833e-03
1909,5,2.1870541386306299e-03
1910,5,2.1871011704206501e-03
1911,5,2.18714773654938e-03
1912,5,2.18719150871038e-03
1913,5,2.1872324869036701e-03
1914,5,2.1872734650969501e-03
1915,5,2.18731653876603e-03
1916,5,2.1873624064028302e-03
1917,5,2.1874101366847801e-03
1918,5,2.1874578669667201e-03
1919,5,2.1875046659261001e-03
1920,5,2.1875498350709698e-03
1921,5,2.1875947713851898e-03
1922,5,2.1876404061913499e-03
1923,5,2.1876869723200798e-03
1924,5,2.1877342369407398e-03
1925,5,2.18778173439205e-03
1926,5,2.1878287661820702e-03
1927,5,2.1878748666495102e-03
1928,5,2.1879198029637302e-03
1929,5,2.1879640407860301e-03
1930,5,2.1880080457776798e-03
1931,5,2.1880529820918998e-03
1932,5,2.1881002467125702e-03
1933,5,2.18815123662353e-03
1934,5,2.1882059518247799e-03
1935,5,2.1882627625018402e-03
1936,5,2.1883188746869599e-03
1937,5,2.1883724257349998e-03
1938,5,2.18842388130724e-03
1939,5,2.1884751040488499e-03
1940,5,2.1885279566049602e-03
1941,5,2.18858360312879e-03
1942,5,2.1886411122977699e-03
1943,5,2.1886986214667602e-03
1944,5,2.18875426799059e-03
1945,5,2.1888073533773401e-03
1946,5,2.1888590417802299e-03
1947,5,2.1889114286750598e-03
1948,5,2.1889656782150299e-03
1949,5,2.1890224888920801e-03
1950,5,2.1890813950449198e-03
1951,5,2.1891398355364799e-03
1952,5,2.1891966462135302e-03
1953,5,2.1892515942454299e-03
1954,5,2.1893067751079802e-03
1955,5,2.1893626544624602e-03
1956,5,2.1894180681556498e-03
1957,5,2.1894727833569002e-03
1958,5,2.1895263344049501e-03
1959,5,2.1895796526223399e-03
1960,5,2.1896343678235999e-03
1961,5,2.1896930411457998e-03
1962,5,2.1897559054195898e-03
1963,5,2.18982063233852e-03
1964,5,2.1898832637816698e-03
1965,5,2.1899419371038701e-03
1966,5,2.18999828211963e-03
1967,5,2.1900548599660401e-03
1968,5,2.1901126019656702e-03
1969,5,2.1901722066104399e-03
1970,5,2.1902329754084301e-03
1971,5,2.1902937442064298e-03
1972,5,2.1903535816818502e-03
1973,5,2.1904120221733999e-03
1974,5,2.1904688328504601e-03
1975,5,2.1905249450355799e-03
1976,5,2.1905815228819799e-03
1977,5,2.1906394977122502e-03
1978,5,2.1906988695263902e-03
1979,5,2.1907587070018101e-03
1980,5,2.1908178459852899e-03
1981,5,2.1908786147832901e-03
1982,5,2.1909426432102901e-03
1983,5,2.1910092327743799e-03
1984,5,2.1910786163061901e-03
1985,5,2.1911535877734401e-03
1986,5,2.1912350784987198e-03
1987,5,2.1913207601755901e-03
1988,5,2.1914052776992299e-03
1989,5,2.1914876997470899e-03
1990,5,2.1915712859481599e-03
1991,5,2.1916585974395301e-03
1992,5,2.19174893572927e-03
1993,5,2.1918378770351401e-03
1994,5,2.19192425720394e-03
1995,5,2.1920108702033802e-03
1996,5,2.19210051000118e-03
1997,5,2.1921941079199301e-03
1998,5,2.1922904998064002e-03
1999,5,2.1923887543380299e-03
2000,5,2.1924881730228702e-03
2001,5,2.1925889886915701e-03
2002,5,2.1926921326667101e-03
2003,5,2.1927962079644199e-03
2004,5,2.19290074892342e-03
2005,5,2.1930071525275699e-03
2006,5,2.1931172814220199e-03
2007,5,2.1932309027761199e-03
2008,5,2.1933466196060198e-03
2009,5,2.1934628020972e-03
2010,5,2.1935794502496702e-03
2011,5,2.1936981938779402e-03
2012,5,2.19381903298199e-03
2013,5,2.1939419675618401e-03
2014,5,2.1940658334642601e-03
2015,5,2.1941906306892599e-03
2016,5,2.1943168248981198e-03
2017,5,2.19444441609085e-03
2018,5,2.1945734042674299e-03
2019,5,2.19470332376659e-03
2020,5,2.1948332432657502e-03
2021,5,2.1949633955955501e-03
2022,5,2.1950930822640701e-03
2023,5,2.1952225361019399e-03
2024,5,2.1953515242785198e-03
2025,5,2.19547981396317e-03
2026,5,2.1956076379865399e-03
2027,5,2.1957352291792601e-03
2028,5,2.19586305320263e-03
2029,5,2.19599111005664e-03
2030,5,2.1961198654025802e-03
2031,5,2.1962502505630298e-03
2032,5,2.19638249836862e-03
2033,5,2.1965173073112999e-03
2034,5,2.1966544445604099e-03
2035,5,2.1967927459627399e-03
2036,5,2.1969287190586298e-03
2037,5,2.1970602683722999e-03
2038,5,2.1971857640892302e-03
2039,5,2.19730660319328e-03
2040,5,2.1974246483296199e-03
2041,5,2.1975419949740202e-03
2042,5,2.1976602729409898e-03
2043,5,2.1977797150611899e-03
2044,5,2.19789915718138e-03
2045,5,2.1980172023177099e-03
2046,5,2.19813315197825e-03
2047,5,2.1982470061630002e-03
2048,5,2.1983592305332401e-03
2049,5,2.1984702907502699e-03
2050,5,2.19857995398343e-03
2051,5,2.1986872889101501e-03
2052,5,2.1987925283610799e-03
2053,5,2.1988959051668601e-03
2054,5,2.1989981178194302e-03
2055,5,2.19910056330264e-03
2056,5,2.19920417293906e-03
2057,5,2.19930917955935e-03
2058,5,2.1994148846715702e-03
2059,5,2.1995205897837899e-03
2060,5,2.19962559640408e-03
2061,5,2.1997280418872799e-03
2062,5,2.1998274605721201e-03
2063,5,2.19992315396667e-03
2064,5,2.2000158205628399e-03
2065,5,2.2001068573445099e-03
2066,5,2.2001969628036001e-03
2067,5,2.2002866026014098e-03
2068,5,2.20037624239922e-03
2069,5,2.2004658821970198e-03
2070,5,2.2005548235029e-03
2071,5,2.20064306631684e-03
2072,5,2.2007294464856399e-03
2073,5,2.2008144296705701e-03
2074,5,2.20089731737971e-03
2075,5,2.20097857527435e-03
2076,5,2.2010582033544801e-03
2077,5,2.2011366672813901e-03
2078,5,2.2012141998857299e-03
2079,5,2.2012912668287802e-03
2080,5,2.2013685666024698e-03
2081,5,2.20144609920681e-03
2082,5,2.20152386464179e-03
2083,5,2.2016013972461202e-03
2084,5,2.2016782313585299e-03
2085,5,2.2017536684870698e-03
2086,5,2.20182654447854e-03
2087,5,2.2018961608409899e-03
2088,5,2.2019629832357199e-03
2089,5,2.2020295727998001e-03
2090,5,2.2020984906703199e-03
2091,5,2.2021711338311399e-03
2092,5,2.2022461052983999e-03
2093,5,2.2023227065801599e-03
2094,5,2.2023986093699902e-03
2095,5,2.2024726495146799e-03
2096,5,2.2025427315384102e-03
2097,5,2.2026100195944301e-03
2098,5,2.2026759106665802e-03
2099,5,2.2027427330613102e-03
2100,5,2.2028107196092601e-03
2101,5,2.2028789389878498e-03
2102,5,2.20294599421322e-03
2103,5,2.2030114196240902e-03
2104,5,2.2030752152204501e-03
2105,5,2.2031369153410201e-03
2106,5,2.20319675281644e-03
2107,5,2.2032554261386399e-03
2108,5,2.20331433229148e-03
2109,5,2.2033739369362601e-03
2110,5,2.20343377441168e-03
2111,5,2.2034929133951699e-03
2112,5,2.20355018973351e-03
2113,5,2.2036056034266901e-03
2114,5,2.2036598529666701e-03
2115,5,2.2037136368453498e-03
2116,5,2.2037671878933898e-03
2117,5,2.2038200404495001e-03
2118,5,2.2038714960217502e-03
2119,5,2.20392132177949e-03
2120,5,2.20396858640015e-03
2121,5,2.2040132898837302e-03
2122,5,2.2040547337383001e-03
2123,5,2.2040924523025799e-03
2124,5,2.2041264455765499e-03
2125,5,2.2041588090360199e-03
2126,5,2.2041928023099899e-03
2127,5,2.20423261635005e-03
2128,5,2.20428220927715e-03
2129,5,2.20434041693807e-03
2130,5,2.2044016513973501e-03
2131,5,2.2044596262276199e-03
2132,5,2.2045117802918001e-03
2133,5,2.20455951057374e-03
2134,5,2.2046065423637598e-03
2135,5,2.20465403981507e-03
2136,5,2.2047003731131601e-03
2137,5,2.2047432139515898e-03
2138,5,2.20478256233037e-03
2139,5,2.20482121221721e-03
2140,5,2.2048624232411402e-03
2141,5,2.2049064282327899e-03
2142,5,2.20495089888573e-03
2143,5,2.2049916442483698e-03
2144,5,2.2050277329981301e-03
2145,5,2.20506102778018e-03
2146,5,2.2050940897315702e-03
2147,5,2.2051292471587701e-03
2148,5,2.2051662672311098e-03
2149,5,2.2052037529647398e-03
2150,5,2.2052400745451498e-03
2151,5,2.2052740678191198e-03
2152,5,2.2053064312785899e-03
2153,5,2.2053376305848399e-03
2154,5,2.2053683642298001e-03
2155,5,2.2053986322134699e-03
2156,5,2.2054289001971501e-03
2157,5,2.2054589353501801e-03
2158,5,2.20548873767257e-03
2159,5,2.2055180743336699e-03
2160,5,2.2055464796721901e-03
2161,5,2.2055744193494298e-03
2162,5,2.2056018933653801e-03
2163,5,2.2056291345506898e-03
2164,5,2.20565591007471e-03
2165,5,2.2056822199374398e-03
2166,5,2.2057080641388902e-03
2167,5,2.2057327441871201e-03
2168,5,2.2057564929127702e-03
2169,5,2.2057788446545601e-03
2170,5,2.20580003224313e-03
2171,5,2.2058198228478401e-03
2172,5,2.20583751797676e-03
2173,5,2.20585311762989e-03
2174,5,2.2058656904846399e-03
2175,5,2.2058752365410302e-03
2176,6,2.20588245429099e-03
2177,6,2.2058924660086601e-03
2178,6,2.2059145849198099e-03
2179,6,2.2059385664761101e-03
2180,6,2.2059581242501701e-03
2181,6,2.2059835027903301e-03
2182,6,2.2060140036046501e-03
2183,6,2.2060479968786201e-03
2184,6,2.2060850169509602e-03
2185,6,2.2061243653297398e-03
2186,6,2.2061646450310902e-03
2187,6,2.2062037605792301e-03
2188,6,2.2062391508370599e-03
2189,6,2.2062701173126702e-03
2190,6,2.2062978241592598e-03
2191,6,2.2063250653445699e-03
2192,6,2.2063539363443899e-03
2193,6,2.2063853684812802e-03
2194,6,2.2064193617552501e-03
2195,6,2.2064545191824401e-03
2196,6,2.20648944377899e-03
2197,6,2.20652297139168e-03
2198,6,2.2065544035285698e-03
2199,6,2.2065849043428898e-03
2200,6,2.2066156379878499e-03
2201,6,2.2066477686166798e-03
2202,6,2.20668199472129e-03
2203,6,2.2067176178097699e-03
2204,6,2.2067541722208301e-03
2205,6,2.2067902609705899e-03
2206,6,2.20682611688972e-03
2207,6,2.2068615071475501e-03
2208,6,2.2068968974053899e-03
2209,6,2.20693275332451e-03
2210,6,2.2069695405662099e-03
2211,6,2.2070072591304801e-03
2212,6,2.2070466075092602e-03
2213,6,2.2070871200412499e-03
2214,6,2.20712879672647e-03
2215,6,2.20717093907297e-03
2216,6,2.20721354708076e-03
2217,6,2.2072559222578998e-03
2218,6,2.2072985302656902e-03
2219,6,2.2073411382734802e-03
2220,6,2.2073842119425501e-03
2221,6,2.2074275184422701e-03
2222,6,2.2074712906032801e-03
2223,6,2.2075143642723599e-03
2224,6,2.2075567394495002e-03
2225,6,2.2075977176427802e-03
2226,6,2.20763729885221e-03
2227,6,2.20767641440034e-03
2228,6,2.2077166941016899e-03
2229,6,2.2077602334320502e-03
2230,6,2.20780842937529e-03
2231,6,2.20786081627011e-03
2232,6,2.2079157643020201e-03
2233,6,2.2079714108258499e-03
2234,6,2.2080272901803298e-03
2235,6,2.2080843336880198e-03
2236,6,2.20814510248601e-03
2237,6,2.20821076072752e-03
2238,6,2.2082801442593301e-03
2239,6,2.2083495277911399e-03
2240,6,2.2084147203713699e-03
2241,6,2.2084743250161401e-03
2242,6,2.2085311356931899e-03
2243,6,2.2085909731686098e-03
2244,6,2.2086577955633402e-03
2245,6,2.2087311372160899e-03
2246,6,2.2088051773607701e-03
2247,6,2.2088745608925802e-03
2248,6,2.2089381236582999e-03
2249,6,2.20899935811758e-03
2250,6,2.2090629208833001e-03
2251,6,2.2091309074312401e-03
2252,6,2.20920168794692e-03
2253,6,2.2092720028013e-03
2254,6,2.2093402221798901e-03
2255,6,2.2094065789133302e-03
2256,6,2.2094722371548401e-03
2257,6,2.2095390595495701e-03
2258,6,2.2096075117588e-03
2259,6,2.20967666245997e-03
2260,6,2.2097458131611299e-03
2261,6,2.2098140325397301e-03
2262,6,2.2098817862570299e-03
2263,6,2.2099495399743301e-03
2264,6,2.2100177593529198e-03
2265,6,2.2100862115621601e-03
2266,6,2.2101548966020298e-03
2267,6,2.2102231159806299e-03
2268,6,2.2102911025285699e-03
2269,6,2.21035862341523e-03
2270,6,2.2104263771325302e-03
2271,6,2.2104938980191898e-03
2272,6,2.2105616517365e-03
2273,6,2.2106291726231601e-03
2274,6,2.21069646067917e-03
2275,6,2.2107635159045501e-03
2276,6,2.2108305711299198e-03
2277,6,2.2108971606940001e-03
2278,6,2.2109635174274401e-03
2279,6,2.2110294084995998e-03
2280,6,2.2110946010798199e-03
2281,6,2.21115932799876e-03
2282,6,2.2112226579338299e-03
2283,6,2.2112843580543999e-03
2284,6,2.21134326420724e-03
2285,6,2.21139751374722e-03
2286,6,2.21144524402916e-03
2287,6,2.2114841267466502e-03
2288,6,2.2115125320851798e-03
2289,6,2.2115339525043999e-03
2290,6,2.2115583997219801e-03
2291,6,2.2116019390523399e-03
2292,6,2.2116771433502401e-03
2293,6,2.2117823828011799e-03
2294,6,2.2118964698165699e-03
2295,6,2.21199472434819e-03
2296,6,2.2120659705251499e-03
2297,6,2.2121195215731898e-03
2298,6,2.2121740039438001e-03
2299,6,2.2122405935078898e-03
2300,6,2.2123148664832102e-03
2301,6,2.2123863454908098e-03
2302,6,2.2124503739178198e-03
2303,6,2.2125106770545201e-03
2304,6,2.2125733084976699e-03
2305,6,2.21263850107789e-03
2306,6,2.2127029951661799e-03
2307,6,2.21276306547225e-03
2308,6,2.2128191776573701e-03
2309,6,2.2128752898424899e-03
2310,6,2.2129341959953299e-03
2311,6,2.2129956632852602e-03
2312,6,2.21305643208325e-03
2313,6,2.2131132427603002e-03
2314,6,2.2131665609777e-03
2315,6,2.2132194135338098e-03
2316,6,2.2132750600576401e-03
2317,6,2.2133323363959798e-03
2318,6,2.2133884485810999e-03
2319,6,2.2134410683065701e-03
2320,6,2.2134918253868801e-03
2321,6,2.2135432809591302e-03
2322,6,2.21359659917653e-03
2323,6,2.2136503830552101e-03
2324,6,2.2137025371193899e-03
2325,6,2.2137521300464899e-03
2326,6,2.2138005588203699e-03
2327,6,2.2138499189168202e-03
2328,6,2.21390044316649e-03
2329,6,2.2139516659081e-03
2330,6,2.2140014916658401e-03
2331,6,2.21404968760908e-03
2332,6,2.2140962537378099e-03
2333,6,2.2141428198665402e-03
2334,6,2.21418985165656e-03
2335,6,2.2142368834465699e-03
2336,6,2.2142836824059499e-03
2337,6,2.2143293172121e-03
2338,6,2.21437425352633e-03
2339,6,2.2144187241792701e-03
2340,6,2.2144631948322101e-03
2341,6,2.2145076654851402e-03
2342,6,2.2145516704767899e-03
2343,6,2.2145952098071601e-03
2344,6,2.21463828347623e-03
2345,6,2.2146806586533798e-03
2346,6,2.2147225681692401e-03
2347,6,2.21476401202381e-03
2348,6,2.2148047573864499e-03
2349,6,2.2148448042571501e-03
2350,6,2.2148836869746399e-03
2351,6,2.2149211727082699e-03
2352,6,2.2149567957967498e-03
2353,6,2.2149903234094399e-03
2354,6,2.2150229196995501e-03
2355,6,2.2150559816509498e-03
2356,6,2.2150897420942801e-03
2357,6,2.2151232697069602e-03
2358,6,2.2151540033519298e-03
2359,6,2.2151789162307999e-03
2360,6,2.2151975426822901e-03
2361,6,2.2152150049805602e-03
2362,6,2.2152420133352301e-03
2363,6,2.21528857946396e-03
2364,6,2.2153514437377501e-03
2365,6,2.2154129110276699e-03
2366,6,2.2154555190354599e-03
2367,6,2.2154795005917501e-03
2368,6,2.2155004553496799e-03
2369,6,2.2155339829623699e-03
2370,6,2.21558194607496e-03
2371,6,2.2156324703246398e-03
2372,6,2.2156725171953401e-03
2373,6,2.2157009225338702e-03
2374,6,2.2157263010740302e-03
2375,6,2.2157579660415602e-03
2376,6,2.21579638309777e-03
2377,6,2.2158359643071899e-03
2378,6,2.2158706560730899e-03
2379,6,2.21589952707291e-03
2380,6,2.2159263025969302e-03
2381,6,2.2159544751048101e-03
2382,6,2.2159849759191301e-03
2383,6,2.21601594239473e-03
2384,6,2.21604597754776e-03
2385,6,2.2160746157169299e-03
2386,6,2.2161023225635299e-03
2387,6,2.2161297965794802e-03
2388,6,2.2161570377647898e-03
2389,6,2.2161845117807401e-03
2390,6,2.2162112873047599e-03
2391,6,2.2162371315061998e-03
2392,6,2.2162622772157201e-03
2393,6,2.21628695726395e-03
2394,6,2.2163116373121699e-03
2395,6,2.2163367830216902e-03
2396,6,2.2163616959005599e-03
2397,6,2.2163856774568601e-03
2398,6,2.2164089605212199e-03
2399,6,2.2164315450936599e-03
2400,6,2.2164538968354498e-03
2401,6,2.2164762485772402e-03
2402,6,2.2164981346577402e-03
2403,6,2.2165197879076e-03
2404,6,2.2165407426655301e-03
2405,6,2.2165609989315302e-03
2406,6,2.2165812551975298e-03
2407,6,2.2166010458022399e-03
2408,7,2.2166203707456602e-03
2409,7,2.2166620474308699e-03
2410,7,2.2166953422129202e-03
2411,7,2.2167363204061998e-03
2412,7,2.2167724091559601e-03
2413,7,2.2168064024299401e-03
2414,7,2.2168364375829701e-03
2415,7,2.21686344593763e-03
2416,7,2.2168885916471499e-03
2417,7,2.2169123403728e-03
2418,7,2.2169344592839501e-03
2419,7,2.2169507574289998e-03
2420,7,2.2169593721628202e-03
2421,7,2.2169603034853901e-03
2422,7,2.2169603034853901e-03
2423,7,2.2169731091707902e-03
2424,7,2.21701036207378e-03
2425,7,2.2170725278556299e-03
2426,7,2.2171433083713098e-03
2427,7,2.2171968594193502e-03
2428,7,2.2172234021127198e-03
2429,7,2.21723807044327e-03
2430,7,2.2172641474753601e-03
2431,7,2.21730954945087e-03
2432,7,2.21736147068441e-03
2433,7,2.2174022160470499e-03
2434,7,2.2174296900630002e-03
2435,7,2.21745599992573e-03
2436,7,2.2174930199980701e-03
2437,7,2.2175386548042302e-03
2438,7,2.2175838239490999e-03
2439,7,2.2176229394972298e-03
2440,7,2.2176576312631399e-03
2441,7,2.2176930215209701e-03
2442,7,2.2177326027303899e-03
2443,7,2.2177766077220401e-03
2444,7,2.2178227081894901e-03
2445,7,2.2178678773343602e-03
2446,7,2.2179116494953602e-03
2447,7,2.2179554216563702e-03
2448,7,2.2180005908012399e-03
2449,7,2.2180483210831898e-03
2450,7,2.2180983796715702e-03
2451,7,2.2181491367518902e-03
2452,7,2.2181991953402801e-03
2453,7,2.21824925392866e-03
2454,7,2.2183009423315499e-03
2455,7,2.2183549590408802e-03
2456,7,2.2184103727340698e-03
2457,7,2.21846648491919e-03
2458,7,2.2185228299349499e-03
2459,7,2.2185796406120101e-03
2460,7,2.2186378482729201e-03
2461,7,2.2186974529176998e-03
2462,7,2.21875822171569e-03
2463,7,2.2188194561749701e-03
2464,7,2.2188811562955401e-03
2465,7,2.21894378773868e-03
2466,7,2.2190071176737499e-03
2467,7,2.2190709132701202e-03
2468,7,2.2191349416971198e-03
2469,7,2.21919920295477e-03
2470,7,2.2192634642124202e-03
2471,7,2.2193274926394198e-03
2472,7,2.2193910554051399e-03
2473,7,2.2194543853402099e-03
2474,7,2.2195170167833601e-03
2475,7,2.2195791825652101e-03
2476,7,2.2196420468390001e-03
2477,7,2.2197063080966499e-03
2478,7,2.2197728976607301e-03
2479,7,2.2198422811925398e-03
2480,7,2.2199142258614302e-03
2481,7,2.2199871018528899e-03
2482,7,2.2200602106749998e-03
2483,7,2.2201326210051801e-03
2484,7,2.2202041000127801e-03
2485,7,2.2202753461897399e-03
2486,7,2.2203461267054098e-03
2487,7,2.2204173728823701e-03
2488,7,2.2204886190593199e-03
2489,7,2.22056079655886e-03
2490,7,2.2206346038729e-03
2491,7,2.22071004100144e-03
2492,7,2.2207864094525602e-03
2493,7,2.2208602167666002e-03
2494,7,2.2209296002983999e-03
2495,7,2.22099549137056e-03
2496,7,2.2210592869669199e-03
2497,7,2.2211233153939199e-03
2498,7,2.2211880423128601e-03
2499,7,2.2212532348930801e-03
2500,7,2.2213179618120202e-03
2501,7,2.22138222306967e-03
2502,7,2.22144625149667e-03
2503,7,2.22150958143175e-03
2504,7,2.2215722128748898e-03
2505,7,2.22163298167288e-03
2506,7,2.2216918878257301e-03
2507,7,2.2217491641640698e-03
2508,7,2.2218052763491899e-03
2509,7,2.2218609228730202e-03
2510,7,2.22191610373557e-03
2511,7,2.22197081893682e-03
2512,7,2.2220250684768001e-03
2513,7,2.2220783866941899e-03
2514,7,2.2221307735890202e-03
2515,7,2.2221819963306202e-03
2516,7,2.2222322877496498e-03
2517,7,2.2222811821848202e-03
2518,7,2.22232937812805e-03
2519,7,2.22237664274871e-03
2520,7,2.2224229760468002e-03
2521,7,2.2224686108529598e-03
2522,7,2.22251331433654e-03
2523,7,2.22255708649755e-03
2524,7,2.2225999273359802e-03
2525,7,2.22264230251312e-03
2526,7,2.2226837463676899e-03
2527,7,2.22272425889969e-03
2528,7,2.2227643057703998e-03
2529,7,2.2228034213185302e-03
2530,7,2.22284183837473e-03
2531,7,2.2228795569390102e-03
2532,7,2.2229163441807001e-03
2533,7,2.2229526657611101e-03
2534,7,2.22298828884959e-03
2535,7,2.2230232134461399e-03
2536,7,2.22305743955076e-03
2537,7,2.2230909671634401e-03
2538,7,2.2231237962842001e-03
2539,7,2.22315592691302e-03
2540,7,2.22318712621927e-03
2541,7,2.2232173942029498e-03
2542,7,2.2232467308640502e-03
2543,7,2.2232749033719301e-03
2544,7,2.2233014460653101e-03
2545,7,2.22332659177482e-03
2546,7,2.22334964200854e-03
2547,7,2.2233705967664701e-03
2548,7,2.2233903873711798e-03
2549,7,2.2234094794839599e-03
2550,7,2.2234297357499599e-03
2551,7,2.2234520874917498e-03
2552,7,2.2234763018786899e-03
2553,7,2.2234998177737002e-03
2554,7,2.2235198412090501e-03
2555,7,2.22353474237025e-03
2556,7,2.2235452197492101e-03
2557,7,2.2235547658055999e-03
2558,7,2.22356873564422e-03
2559,7,2.2235910873860099e-03
2560,7,2.2236232180148402e-03
2561,7,2.2236623335629702e-03
2562,7,2.2237021476030302e-03
2563,7,2.2237352095544299e-03
2564,7,2.2237601224333e-03
2565,7,2.2237803786993001e-03
2566,7,2.2238020319491599e-03
2567,7,2.2238262463360999e-03
2568,7,2.22385115921497e-03
2569,7,2.2238746751099799e-03
2570,7,2.22389562986791e-03
2571,7,2.2239149548113298e-03
2572,7,2.2239328827708999e-03
2573,7,2.2239494137466002e-03
2574,7,2.2239657118916499e-03
2575,7,2.2239834070205701e-03
2576,8,2.2240031976252799e-03
2577,8,2.2240106482058798e-03
2578,8,2.22401833161712e-03
2579,8,2.2240430116653399e-03
2580,8,2.2240658290684201e-03
2581,8,2.2240851540118499e-03
2582,8,2.2241023834794799e-03
2583,8,2.2241193801164601e-03
2584,8,2.2241363767534499e-03
2585,8,2.2241536062210798e-03
2586,8,2.22417106851935e-03
2587,8,2.2241966798901601e-03
2588,8,2.2241966798901601e-03
2589,8,2.2241966798901601e-03
2590,8,2.2241966798901601e-03
2591,8,2.2241966798901601e-03
2592,8,2.2241966798901601e-03
2593,7,2.2191668394952999e-03
2594,7,2.2342593874782302e-03
2595,7,2.2590204607695302e-03
2596,7,2.2693579085171201e-03
2597,7,2.27579800412059e-03
2598,7,2.2833358962088802e-03
2599,7,2.2897769231349199e-03
2600,7,2.2941024508327198e-03
2601,7,2.2975576575845502e-03
2602,7,2.3010759614407999e-03
2603,7,2.3043921682983602e-03
2604,7,2.30699451640248e-03
2605,7,2.30901222676039e-03
2606,7,2.31089256703854e-03
2607,7,2.3127761669457002e-03
2608,7,2.3145077284425501e-03
2609,7,2.3160076234489701e-03
2610,7,2.3173820227384602e-03
2611,7,2.31872894801199e-03
2612,7,2.3199950810521802e-03
2613,7,2.3210723884403701e-03
2614,7,2.32197321020067e-03
2615,7,2.3228088393807398e-03
2616,7,2.3236530832946301e-03
2617,7,2.3244752082973701e-03
2618,7,2.3252170067280501e-03
2619,7,2.3258745204657299e-03
2620,7,2.3264824412763101e-03
2621,7,2.32706614769995e-03
2622,7,2.3276240099221498e-03
2623,7,2.3281362373381901e-03
2624,7,2.3285963106900501e-03
2625,7,2.3290170356631301e-03
2626,7,2.32941471040249e-03
2627,7,2.3297970183193701e-03
2628,7,2.3301597684621798e-03
2629,7,2.3304957430809702e-03
2630,7,2.3308084346353999e-03
2631,7,2.3310980759561101e-03
2632,7,2.3313588462769998e-03
2633,7,2.3315961007028801e-03
2634,7,2.33181845396757e-03
2635,7,2.3320252075791398e-03
2636,7,2.3322151973843601e-03
2637,7,2.3323898203671e-03
2638,7,2.3325504735112199e-03
2639,7,2.3327013477683102e-03
2640,7,2.3328489623963798e-03
2641,7,2.33299564570189e-03
2642,7,2.33313394710422e-03
2643,7,2.3332587443292102e-03
2644,7,2.3333742283284699e-03
2645,7,2.3334876168519302e-03
2646,7,2.33359914273024e-03
2647,7,2.3337025195360201e-03
2648,7,2.3337982129305601e-03
2649,7,2.3338925093412399e-03
2650,7,2.3339833132922602e-03
2651,7,2.33406666666269e-03
2652,7,2.3341451305896e-03
2653,7,2.3342231288552302e-03
2654,7,2.3342974018305501e-03
2655,7,2.33436585403979e-03
2656,7,2.33443221077323e-03
2657,7,2.3344976361840998e-03
2658,7,2.33455956913531e-03
2659,7,2.33461777679622e-03
2660,7,2.3346743546426301e-03
2661,7,2.3347300011664599e-03
2662,7,2.3347840178757902e-03
2663,7,2.3348350077867499e-03
2664,7,2.33488413505256e-03
2665,7,2.33493256382644e-03
2666,7,2.3349798284471e-03
2667,7,2.33502476476133e-03
2668,7,2.3350678384303999e-03
2669,7,2.3351097479462602e-03
2670,7,2.3351502604782599e-03
2671,7,2.3351889103650999e-03
2672,7,2.3352263960987299e-03
2673,7,2.3352627176791399e-03
2674,7,2.3352983407676198e-03
2675,7,2.3353323340415998e-03
2676,7,2.3353656288236401e-03
2677,7,2.33539775945246e-03
2678,7,2.3354291915893598e-03
2679,7,2.33545945957303e-03
2680,7,2.3354890290647702e-03
2681,7,2.3355179000645902e-03
2682,7,2.33554583974183e-03
2683,7,2.3355730809271301e-03
2684,7,2.3355996236205101e-03
2685,7,2.3356252349913099e-03
2686,7,2.3356503807008301e-03
2687,7,2.3356748279184099e-03
2688,7,2.33569857664406e-03
2689,7,2.3357218597084301e-03
2690,7,2.3357444442808602e-03
2691,7,2.3357665631920099e-03
2692,7,2.3357875179499401e-03
2693,7,2.33580754138529e-03
2694,7,2.3358261678367901e-03
2695,8,2.3358454927802099e-03
2696,8,2.3359330371022198e-03
2697,8,2.3360033519566098e-03
2698,8,2.3360734339803501e-03
2699,8,2.3361358325928402e-03
2700,8,2.3361893836408901e-03
2701,8,2.3362354841083301e-03
2702,8,2.33628088608384e-03
2703,8,2.33632349409163e-03
2704,8,2.33636214397848e-03
2705,8,2.33640079386532e-03
2706,8,2.33643990941346e-03
2707,8,2.3364766966551499e-03
2708,8,2.3365123197436298e-03
2709,8,2.3365495726466201e-03
2710,8,2.3365865927189602e-03
2711,8,2.3366222158074401e-03
2712,8,2.3366585373878501e-03
2713,8,2.33669532462955e-03
2714,8,2.3367311805486701e-03
2715,8,2.3367672692984299e-03
2716,8,2.3368045222014202e-03
2717,8,2.3368420079350502e-03
2718,8,2.3368794936686802e-03
2719,8,2.3369176778942299e-03
2720,8,2.3369567934423698e-03
2721,8,2.3369961418211499e-03
2722,8,2.3370357230305702e-03
2723,8,2.3370762355625599e-03
2724,8,2.3371169809252002e-03
2725,8,2.33715819194913e-03
2726,8,2.3371998686343401e-03
2727,8,2.3372422438114899e-03
2728,8,2.33728508464992e-03
2729,8,2.3373281583189999e-03
2730,8,2.3373723961412898e-03
2731,8,2.33741709962487e-03
2732,8,2.3374620359391e-03
2733,8,2.3375079035758998e-03
2734,8,2.33755423687398e-03
2735,8,2.3376012686639998e-03
2736,8,2.33764876611531e-03
2737,8,2.3376969620585398e-03
2738,8,2.3377453908324198e-03
2739,8,2.3377945180982399e-03
2740,8,2.3378441110253299e-03
2741,8,2.3378941696137199e-03
2742,8,2.3379446938633901e-03
2743,8,2.3379954509437102e-03
2744,8,2.3380466736853101e-03
2745,8,2.3380981292575602e-03
2746,8,2.3381500504910898e-03
2747,8,2.3382019717246298e-03
2748,8,2.3382543586194498e-03
2749,8,2.3383067455142702e-03
2750,8,2.3383591324091001e-03
2751,8,2.3384117521345598e-03
2752,8,2.3384641390293802e-03
2753,8,2.3385165259242101e-03
2754,8,2.3385691456496698e-03
2755,8,2.3386229295283599e-03
2756,8,2.3386769462376798e-03
2757,8,2.3387297987937901e-03
2758,8,2.3387821856886101e-03
2759,8,2.3388352710753701e-03
2760,8,2.3388888221234101e-03
2761,8,2.3389419075101601e-03
2762,8,2.3389942944049801e-03
2763,8,2.3390469141304502e-03
2764,8,2.3390995338559198e-03
2765,8,2.33915215358138e-03
2766,8,2.3392043076455602e-03
2767,8,2.3392562288790898e-03
2768,8,2.3393081501126298e-03
2769,8,2.3393598385155201e-03
2770,8,2.3394112940877702e-03
2771,8,2.33946228399873e-03
2772,8,2.3395132739096902e-03
2773,8,2.33956379815936e-03
2774,8,2.3396138567477499e-03
2775,8,2.3396636825054901e-03
2776,8,2.33971304260194e-03
2777,8,2.3397619370371099e-03
2778,8,2.3398103658109899e-03
2779,8,2.3398585617542302e-03
2780,8,2.33990675769746e-03
2781,8,2.3399547208100601e-03
2782,8,2.3400019854307201e-03
2783,8,2.34004855155945e-03
2784,8,2.3400941863656001e-03
2785,8,2.3401393555104702e-03
2786,8,2.34018405899405e-03
2787,8,2.34022899530828e-03
2788,8,2.3402741644531501e-03
2789,8,2.3403181694447999e-03
2790,8,2.3403600789606602e-03
2791,8,2.3404008243233e-03
2792,8,2.34044226817787e-03
2793,8,2.34048557467759e-03
2794,8,2.34052818268538e-03
2795,8,2.3405677638947998e-03
2796,8,2.3406068794429298e-03
2797,8,2.3406483232975002e-03
2798,8,2.34068906866014e-03
2799,8,2.3407267872244098e-03
2800,8,2.34076334163547e-03
2801,8,2.3408012930303799e-03
2802,8,2.3408390115946501e-03
2803,8,2.3408739361911999e-03
2804,8,2.34090746380389e-03
2805,8,2.3409430868923699e-03
2806,8,2.34098010696471e-03
2807,8,2.3410166613757602e-03
2808,8,2.3410511203110201e-03
2809,8,2.3410837166011299e-03
2810,8,2.3411153815686698e-03
2811,8,2.3411477450281399e-03
2812,8,2.3411805741488899e-03
2813,8,2.34121130779386e-03
2814,8,2.3412392474710898e-03
2815,8,2.3412657901644698e-03
2816,8,2.3412921000272001e-03
2817,8,2.34132027253509e-03
2818,8,2.34135193750262e-03
2819,8,2.3413866292685301e-03
2820,8,2.3414194583892801e-03
2821,8,2.34144646674395e-03
2822,8,2.3414692841470198e-03
2823,8,2.3414930328726799e-03
2824,8,2.34152027405798e-03
2825,8,2.34154798090458e-03
2826,8,2.3415717296302301e-03
2827,8,2.3415929172188e-03
2828,8,2.3416162002831702e-03
2829,8,2.3416432086378301e-03
2830,8,2.3416711483150699e-03
2831,8,2.3416967596858701e-03
2832,8,2.34171911142766e-03
2833,8,2.34173983335495e-03
2834,8,2.3417607881128801e-03
2835,8,2.34178313985467e-03
2836,8,2.3418057244271001e-03
2837,8,2.3418271448463202e-03
2838,9,2.3418469354510299e-03
2839,9,2.3418383207172199e-03
2840,9,2.3418499622494e-03
2841,9,2.3418713826686101e-03
2842,9,2.34189443290234e-03
2843,9,2.34191911295056e-03
2844,9,2.3419412318617101e-03
2845,9,2.3419610224664198e-03
2846,9,2.34198197722435e-03
2847,9,2.34200386330485e-03
2848,9,2.3420248180627801e-03
2849,9,2.3420443758368501e-03
2850,9,2.3420632351189899e-03
2851,9,2.3420632351189899e-03
2852,9,2.3420632351189899e-03
2853,9,2.3420632351189899e-03
2854,9,2.3420632351189899e-03
2855,9,2.3420632351189899e-03
,,
